冒海飞,9,谋杀歌谣,6.7,1212,1,危险游戏,7.4,306,4,水曜日,7.1,1540,3,律・诗―雷经天,7.2,26,3,Mini Lover,6.3,366,9,番茄不简单,7.2,242,4,美女与野兽,8.3,1043,5,梵高,5.7,426,3,火焰,6.0,153,3,"因味爱,所以爱(话剧)",5.5,97,-
蒋奇明,4,谋杀歌谣,6.7,1212,1,《面试》中文版,8.1,372,5,中文版I Do！I Do!,6.3,127,2,拉赫玛尼诺夫,6.9,1098,5,杏仁豆腐心(话剧),7.5,1766,-,我是月亮(话剧),7.8,1191,-,谋杀电视机(话剧),7.0,59,-
崔恩尔,8,谋杀歌谣,6.7,1212,2,《面试》中文版,8.1,372,3,音乐之声,8.5,1933,11,恋爱吧！人类,7.0,926,6,醉后赢家,6.9,90,9,坠入爱河,5.5,28,2,开放夫妻(话剧),7.4,465,-,摩登米莉,,,1,红男绿女,7.9,73,1
朱梓溶,2,谋杀歌谣,6.7,1212,2,律・诗―雷经天,7.2,26,2,欲望号街车(话剧),7.9,365,-
李嘉珍,3,谋杀歌谣,6.7,1212,3,神秘的糖果工厂,8.6,75,1,Mini Lover,6.3,366,7
苏诗丁,1,谋杀歌谣,6.7,1212,3
苏江涛,2,谋杀歌谣,6.7,1212,4,我，堂吉诃德,8.2,4866,4
郑云龙,6,谋杀歌谣,6.7,1212,1,变身怪医,8.1,1836,2,摇滚年代,6.5,466,3,爱上邓丽君,7.4,137,2,恋爱吧！人类,7.0,926,1,音乐剧明星集锦音乐会,,,2,《信》中文版,6.4,1240,1
徐丽东,5,谋杀歌谣,6.7,1212,3,变身怪医,8.1,1836,3,摇滚年代,6.5,466,2,周日恋曲,6.8,728,3,《吉屋出租》中文版,7.3,487,4
刘令飞,12,谋杀歌谣,6.7,1212,4,白兔子，红兔子(话剧),6.8,165,-,染空间出品魔幻仙侠舞台剧仙剑奇侠传(舞台剧),7.8,590,-,仙剑奇侠传3(舞台剧),7.5,275,-,微・信(话剧),,,-,白夜行,7.9,3564,2,变身怪医,8.1,1836,1,摇滚年代,6.5,466,1,《面试》中文版,8.1,372,1,春之觉醒,8.5,813,2,猫,9.0,23557,3,春之觉醒（中文版）,7.5,202,1,丝路传奇・花木兰,,,2,危险游戏,7.4,306,3,两个人的谋杀,7.8,269,1,吸血鬼德库拉伯爵,6.0,17,1
钟舜傲,7,谋杀歌谣,6.7,1212,1,马不停蹄的忧伤,7.0,453,3,律・诗―雷经天,7.2,26,4,寻找初恋,7.7,641,5,如果,6.8,106,6,过去五年,6.7,157,3,梵高,5.7,426,1
丁臻滢,5,谋杀歌谣,6.7,1212,3,春之觉醒,8.5,813,1,春之觉醒（中文版）,7.5,202,2,音乐剧明星集锦音乐会,,,4,《吉屋出租》中文版,7.3,487,5,《信》中文版,6.4,1240,2
吴俊鹏,2,谋杀歌谣,6.7,1212,4,音乐剧明星集锦音乐会,,,7,狮子王,8.7,2767,10
徐梦迪,1,白夜行,7.9,3564,3
胡超政,3,白夜行,7.9,3564,4,春之觉醒,8.5,813,3,春之觉醒（中文版）,7.5,202,3,三生三世十里桃花(话剧),6.1,51,-
王梓庭,3,变身怪医,8.1,1836,4,春上海1949,,,1,繁花尽落的青春,5.8,14,5
张会芳,4,变身怪医,8.1,1836,5,《面试》中文版,8.1,372,3,中文版长腿叔叔,7.3,1006,1,凤凰阿佳与火山神,,,5
遥远,2,变身怪医,8.1,1836,7,我，堂吉诃德,8.2,4866,14,遥远的乡土(话剧),7.7,28,-,遥远的爱(歌剧),,,-,遥远的她(话剧),,,-,遥远时空中6(话剧),,,-,最遥远的距离(舞剧),,,-
孙礼杰,4,变身怪医,8.1,1836,8,爱与谋杀的绅士指南,7.5,355,7,小城之春,,,3,楼兰,5.6,18,4
张忆亚,1,变身怪医,8.1,1836,9
金桥,2,变身怪医,8.1,1836,10,神秘的糖果工厂,8.6,75,2
陈尚东,3,变身怪医,8.1,1836,1,芝加哥,8.5,8212,6,红磨坊,6.5,93,4
向国华,1,变身怪医,8.1,1836,2
王畅,1,变身怪医,8.1,1836,3
刘楚天,2,变身怪医,8.1,1836,4,MOVE(形体剧),7.5,25,-,芝加哥,8.5,8212,10
文煊义,1,变身怪医,8.1,1836,5
茅浩川,1,变身怪医,8.1,1836,6
李依琛,2,变身怪医,8.1,1836,7,芝加哥,8.5,8212,7
刘朔全,1,变身怪医,8.1,1836,8
吐尔克扎提,1,变身怪医,8.1,1836,9
梁馨予,1,变身怪医,8.1,1836,10
阿云嘎,4,变身怪医,8.1,1836,3,阿尔兹记忆的爱情,5.9,604,2,昆仑神话,6.2,35,3,音乐剧明星集锦音乐会,,,1,我的遗愿清单,7.3,1776,1,威尼斯商人(话剧),8.1,743,-,威尼斯商人(话剧),7.1,250,-
吕润桐,5,变身怪医,8.1,1836,5,水曜日,7.1,1540,4,开心麻花版 隐婚男女,7.0,219,3,TA不见了,6.2,115,2,献给阿尔吉侬的花束,7.7,392,5,以梦为马(诗歌剧场),,,-
余思冉,2,变身怪医,8.1,1836,7,《面试》中文版,8.1,372,3
覃子u,1,摇滚年代,6.5,466,4
郭亢,3,摇滚年代,6.5,466,6,帅小伙的蔬果店,6.5,50,4,如果,6.8,106,5
宗俊涛,3,摇滚年代,6.5,466,7,寻找初恋,7.7,641,3,番茄不简单,7.2,242,1,一夫二主(话剧),8.0,1172,-,千禧夜，我们说相声(相声剧),8.1,899,-,当没头脑遇见不高兴2之步步开心(话剧),3.9,20,-,当高富帅遇见女女女女女(话剧),6.4,18,-,史上第一混乱(话剧),,,-,奋怒的小鸟(话剧),,,-,乙方甲方-大玩家(话剧),,,-,我在天堂遇见你(话剧),,,-
凌其尔,1,摇滚年代,6.5,466,8
张沁丹,2,摇滚年代,6.5,466,9,绿鸟,7.6,23,5
黄冠菘,2,摇滚年代,6.5,466,10,火焰,6.0,153,1
夏振凯,6,《面试》中文版,8.1,372,2,猫,9.0,23557,10,森林诱惑（又名拜访森林）,8.9,1170,2,小城之春,,,2,音乐剧明星集锦音乐会,,,6,《吉屋出租》中文版,7.3,487,1,中文版I Do！I Do!,6.3,127,1
王诗培,5,《面试》中文版,8.1,372,4,猫,9.0,23557,11,我，堂吉诃德,8.2,4866,16,中文版I Do！I Do!,6.3,127,5,拉赫玛尼诺夫,6.9,1098,4
姚迪,1,《面试》中文版,8.1,372,4
姜彬,3,《面试》中文版,8.1,372,2,吸血鬼德库拉伯爵,6.0,17,3,弘一,,,3,我是曹操(话剧),,,-
孙豆尔,5,《面试》中文版,8.1,372,2,危险游戏,7.4,306,5,坠入爱河,5.5,28,3,美女与野兽,8.3,1043,2,梵高,5.7,426,2
有村弥希子,1,春之觉醒,8.5,813,3
蓝天,1,春之觉醒,8.5,813,1,四郎探母(京剧),9.1,288,-,珠帘寨(京剧),9.0,61,-,八珍汤(京剧),,,-,乌盆记(京剧),9.1,58,-,邯郸梦(昆曲),7.9,73,-,大唐贵妃(京剧),8.3,51,-,四进士(京剧),8.8,45,-,野猪林(京剧),8.6,40,-,将相和(京剧),8.1,29,-,秦琼卖马(京剧),9.2,15,-,圣母院(京剧),7.1,15,-,西施(京剧),,,-,月光下的行走(京剧),,,-,战太平(京剧),,,-,澶渊之盟(京剧),,,-,大名府(京剧),,,-,红鬃烈马(京剧),8.8,181,-,龙凤呈祥(京剧),8.4,92,-
刘岳林,1,春之觉醒,8.5,813,2
尹铭,1,春之觉醒,8.5,813,3
苟馨予,1,春之觉醒,8.5,813,4
李焱枫,1,春之觉醒,8.5,813,5
卢昕,1,春之觉醒,8.5,813,6
肖润民,1,春之觉醒,8.5,813,7
林非凡,1,春之觉醒,8.5,813,8
田淳,1,春之觉醒,8.5,813,9,モンキ`99チョップ99ブルックナ`！！(话剧),,,-,下周村(话剧),,,-,Bのまなざし(话剧),,,-
李思洁,1,春之觉醒,8.5,813,10
张炼,1,春之觉醒,8.5,813,11
蒋欣怡,1,春之觉醒,8.5,813,12
图尔克扎提,1,春之觉醒,8.5,813,13
张智涵,5,春之觉醒,8.5,813,4,春之觉醒（中文版）,7.5,202,4,马不停蹄的忧伤,7.0,453,4,我的遗愿清单,7.3,1776,5,繁花尽落的青春,5.8,14,3
杨舒妍,2,春之觉醒,8.5,813,5,春之觉醒（中文版）,7.5,202,5
张玮伦,3,春之觉醒,8.5,813,6,春之觉醒（中文版）,7.5,202,6,水曜日,7.1,1540,2
刘杨,4,猫,9.0,23557,1,洗衣服,7.5,436,3,《吉屋出租》中文版,7.3,487,8,桃李梅(吉剧),,,-,电影之歌,8.1,18,8
杜彦昊,1,猫,9.0,23557,4,不眠之夜(舞台剧),9.3,7822,-,无人之境(舞剧),,,-
丛子B,1,猫,9.0,23557,5
达姆拉,1,猫,9.0,23557,6
艾于涵,2,猫,9.0,23557,7,瘾型人,,,2
陈沁,2,猫,9.0,23557,8,森林诱惑（又名拜访森林）,8.9,1170,1
陈鹭虹,1,猫,9.0,23557,9
蒋倩如,6,丝路传奇・花木兰,,,1,诗经・采薇,5.0,13,2,天地运河情,7.5,12,1,秋裤和擀面杖,7.5,224,1,过去五年,6.7,157,2,麦琪的礼物,6.6,20,1
张赫宣,1,丝路传奇・花木兰,,,3
王培杰,3,危险游戏,7.4,306,4,时光旅行局意外事件,7.0,69,1,火焰,6.0,153,5,血字的研究(话剧),6.5,62,-
施哲明,6,危险游戏,7.4,306,5,寻找初恋,7.7,641,2,Mini Lover,6.3,366,8,中文版长腿叔叔,7.3,1006,3,番茄不简单,7.2,242,3,拉赫玛尼诺夫,6.9,1098,3,竞演州长(话剧),6.5,563,-,皇帝的新娘(话剧),6.6,849,-,39级台阶(话剧),7.9,166,-,恐怖谷(话剧),5.6,85,-
魏诗泉,1,危险游戏,7.4,306,6
张玉玫,1,危险游戏,7.4,306,7
庞盛之,1,两个人的谋杀,7.8,269,2
钱海睿,2,两个人的谋杀,7.8,269,3,繁花尽落的青春,5.8,14,2
周可人,3,两个人的谋杀,7.8,269,4,我的遗愿清单,7.3,1776,6,拉赫玛尼诺夫,6.9,1098,2
江南,1,吸血鬼德库拉伯爵,6.0,17,2,蒋公的面子(话剧),8.5,9860,-,江南好人(越剧),7.2,109,-,花落江南廿四桥(粤剧),,,-,梦回江南(实景演出),,,-,乾隆游苏州(黄梅戏),,,-,牡丹亭(昆曲),7.9,650,-,白罗衫(昆曲),8.5,316,-,临川四梦・汤显祖(昆曲),8.1,57,-,铁冠图(昆曲),8.9,52,-,幽闺记(昆曲),8.0,48,-,舞・雷雨(舞剧),7.6,37,-,曲圣魏良辅(昆曲),8.1,13,-,窦娥冤(昆曲),8.9,12,-,仓库：死亡十分钟(话剧),5.2,15,-,一桌二椅2013(舞台实验),,,-,花笺记(粤剧),,,-,活捉罗根元(昆曲),,,-
刘林芳,1,芝加哥,8.5,8212,1
黄露凝,1,芝加哥,8.5,8212,2,月亮的南交点(话剧),7.2,106,-,麦捆酒吧(话剧),6.6,10,-,透明(话剧),,,-,福仕德(话剧),6.6,36,-,缝纫小组(话剧),7.8,13,-,The Sewing Group(话剧),,,-
秦歌,4,芝加哥,8.5,8212,3,〈人民公敌〉事件(话剧),6.6,141,-,主角登场(咖啡馆实验戏剧),,,-,剧院魅影,9.5,12281,6,吉屋出租,8.0,3159,4,窈窕淑女,8.3,748,1
赵沁筠,1,芝加哥,8.5,8212,4
沐韵诗,1,芝加哥,8.5,8212,7
杨疏影,1,芝加哥,8.5,8212,8
吴桐,1,芝加哥,8.5,8212,9,房子梦(话剧),5.9,10,-,哇咦咳(剧场作品),7.7,14,-
龙怡驰,1,芝加哥,8.5,8212,10
陈煦,1,芝加哥,8.5,8212,1,《ROAR！ROAR！》(话剧),8.5,119,-,吉房(话剧),,,-,巨型曲奇(话剧),,,-,炙飞(话剧),,,-,标签游戏(话剧),,,-,www.com(话剧),6.6,35,-,公司感谢你(话剧),6.0,156,-,Three Tall Women(话剧),8.6,29,-,盲流感(话剧),,,-,叛H(话剧),,,-,我自在江湖(话剧),,,-,我爱阿爱(话剧),,,-,2029追杀1989(话剧),,,-,不起床的埯思(话剧),,,-,不道德的审判(话剧),,,-,娱乐大坑之大娱乐坑(话剧),,,-
陈瑞雪,1,芝加哥,8.5,8212,2
周晗,1,芝加哥,8.5,8212,3
薛云帆,1,芝加哥,8.5,8212,4
孙语晗,1,芝加哥,8.5,8212,5
林可人,2,芝加哥,8.5,8212,6,斗浪潮,,,2
王展,2,芝加哥,8.5,8212,7,吉屋出租,8.0,3159,5,战宛城(京剧),,,-
柳松延,1,芝加哥,8.5,8212,8
刘彤,1,芝加哥,8.5,8212,9,杜甫(舞剧),8.4,351,-,花木兰(舞剧),8.0,77,-,大饭店(舞剧),8.3,302,-,八女投江(舞剧),6.6,15,-,梅兰芳(舞剧),,,-,追梦人(舞剧),4.5,13,-,人・参(舞剧),,,-,烽烟桃花飞(舞剧),,,-,杨靖宇(舞剧),,,-
翁雪婷,1,芝加哥,8.5,8212,10
柳樱,1,芝加哥,8.5,8212,1
李嘉伟,1,芝加哥,8.5,8212,3
刘信志,1,芝加哥,8.5,8212,4,主角登场(话剧),,,-
郑兆慧,2,芝加哥,8.5,8212,5,吉屋出租,8.0,3159,7
聂雨琪,1,芝加哥,8.5,8212,8
蒋舒岩,2,芝加哥,8.5,8212,9,吉屋出租,8.0,3159,10
张雪涛,1,芝加哥,8.5,8212,11
王璇,1,芝加哥,8.5,8212,12,妄谈与疯话(话剧),6.3,144,-,建家小业(话剧),7.2,111,-,摆渡人(话剧),6.0,76,-,半糖(话剧),6.2,71,-,我不是差生(话剧),,,-,蒹葭(话剧),,,-,一个叫星巴克的车站(话剧),,,-
黄嘉慧,1,芝加哥,8.5,8212,13
于海龙,1,芝加哥,8.5,8212,14
宋思洋,1,芝加哥,8.5,8212,15
陈磊,1,芝加哥,8.5,8212,16,卤煮(话剧),7.7,316,-,语文课(话剧),7.0,237,-,枣树(话剧),7.1,261,-,拾荒者(话剧),,,-,笑傲江湖(舞剧),,,-,起敦煌(舞剧),,,-
王夏桥,2,芝加哥,8.5,8212,17,曾经,8.1,536,10
于佩言,1,芝加哥,8.5,8212,19
付薇嘉,1,芝加哥,8.5,8212,20
卞祯彬,1,芝加哥,8.5,8212,1
杨潇博,1,芝加哥,8.5,8212,4
李子健,1,芝加哥,8.5,8212,5
任演,1,芝加哥,8.5,8212,7
尚勇,1,芝加哥,8.5,8212,8,邹容(舞剧),,,-
吕诗D,1,芝加哥,8.5,8212,10
芮笛,1,剧院魅影,9.5,12281,1
银临,1,剧院魅影,9.5,12281,2
温泉,1,剧院魅影,9.5,12281,3,罪　～ある温泉旅^の一夜～(话剧),,,-,アジア温泉(话剧),,,-,神奇温泉水(话剧),,,-
徐沁心,1,剧院魅影,9.5,12281,4
梁,1,剧院魅影,9.5,12281,5
林焕鑫,1,剧院魅影,9.5,12281,10
高鸿,1,吉屋出租,8.0,3159,1
李月,1,吉屋出租,8.0,3159,2,杂音(话剧),7.6,258,-,0748(话剧),,,-,包龙图(京剧),,,-,青春地平线(话剧),,,-
杨润琦,1,吉屋出租,8.0,3159,3
黎邦志,1,吉屋出租,8.0,3159,5
陈研,1,吉屋出租,8.0,3159,6
王骏波,1,吉屋出租,8.0,3159,8
资力,1,吉屋出租,8.0,3159,9
赵彦,1,吉屋出租,8.0,3159,1
石徐而,1,吉屋出租,8.0,3159,2
熊心h,1,吉屋出租,8.0,3159,3
陈均祥,1,吉屋出租,8.0,3159,4
周荟,1,吉屋出租,8.0,3159,6
吴金佩,1,吉屋出租,8.0,3159,7
李元浩,1,吉屋出租,8.0,3159,8
王宇环,1,窈窕淑女,8.3,748,2
劳冠华,1,窈窕淑女,8.3,748,4
路畅,3,窈窕淑女,8.3,748,5,洗衣服,7.5,436,8,新石头记 The New Story of The Stone,6.0,53,2
李婉君,1,窈窕淑女,8.3,748,6
伍姿,1,窈窕淑女,8.3,748,8
吴文丹,1,窈窕淑女,8.3,748,9
滕铠嘉,1,窈窕淑女,8.3,748,10
陶小平,1,窈窕淑女,8.3,748,2
周萌宣,1,窈窕淑女,8.3,748,3,容错计算(话剧),,,-
李一星,2,窈窕淑女,8.3,748,4,我，堂吉诃德,8.2,4866,5
李实,2,窈窕淑女,8.3,748,5,我，堂吉诃德,8.2,4866,2,伽利略(话剧),6.3,171,-,把裤子穿上！(话剧),8.4,11,-,一个人的伊利亚特(话剧),8.3,70,-,我是张纯如(话剧),,,-,希尔维亚(话剧),,,-,孙悟空三打白骨精(话剧),,,-
刘阳,7,窈窕淑女,8.3,748,6,我，堂吉诃德,8.2,4866,1,我，小王子,,,2,我的长腿叔叔,7.3,20,1,美女与野兽,8.3,1043,3,世外(话剧),6.7,170,-,课堂(话剧),4.8,25,-,课堂惊魂(话剧),6.5,22,-,27车棉花(话剧),7.0,11,-,沃伊采克(话剧),7.7,16,-,爱战胜一切(话剧),4.3,19,-,还魂三叠(戏曲),,,-,司扒皮过新年(话剧),,,-,我爱你，你完美，现在改变吧,8.3,44,2,I love you,6.7,28,1
陈师慧,1,窈窕淑女,8.3,748,7
于典,1,窈窕淑女,8.3,748,8,爱因斯坦之梦(话剧),,,-
陈欢,2,洗衣服,7.5,436,1,音乐之声,8.5,1933,6,我想问问(话剧),8.1,12,-
杜鑫艳,3,洗衣服,7.5,436,4,当爱已成往事,6.6,236,10,时光旅行局意外事件,7.0,69,3
王瀚宇,3,洗衣服,7.5,436,5,水曜日,7.1,1540,3,黑与白的证明,6.2,20,1
傅祥安,3,洗衣服,7.5,436,6,马不停蹄的忧伤,7.0,453,8,TA不见了,6.2,115,4
邓晓霞,2,洗衣服,7.5,436,7,秋裤和擀面杖,7.5,224,10
钱震宇,1,洗衣服,7.5,436,8
李松楠,2,洗衣服,7.5,436,4,马不停蹄的忧伤,7.0,453,5,嘿，是我(话剧),5.7,175,-,西洋钟(话剧),7.4,186,-
李信,2,洗衣服,7.5,436,5,醉后赢家,6.9,90,8
洪志姬,1,洗衣服,7.5,436,1
李奎炯,2,洗衣服,7.5,436,2,粉丝来信 fanletter,9.1,156,2
孙小龙,1,新石头记 The New Story of The Stone,6.0,53,1
项莉,1,新石头记 The New Story of The Stone,6.0,53,4
苗芳,2,水曜日,7.1,1540,1,我，堂吉诃德,8.2,4866,3
赵伟刚,1,水曜日,7.1,1540,2
陈志远,1,水曜日,7.1,1540,3
周文嘉,2,水曜日,7.1,1540,4,开心麻花版 隐婚男女,7.0,219,10
于晓U,8,水曜日,7.1,1540,5,爱与谋杀的绅士指南,7.5,355,1,爱在星光里,6.4,93,1,恋爱吧！人类,7.0,926,2,醉后赢家,6.9,90,1,我的遗愿清单,7.3,1776,4,番茄不简单,7.2,242,2,献给阿尔吉侬的花束,7.7,392,2
刘羿含,2,水曜日,7.1,1540,1,TA不见了,6.2,115,6
郭耀嵘,3,水曜日,7.1,1540,4,美女与野兽,8.3,1043,1,火焰,6.0,153,7
高雨晨,2,水曜日,7.1,1540,5,爱在星光里,6.4,93,4
侯翔文,1,黑与白的证明,6.2,20,2
王昕馨,1,黑与白的证明,6.2,20,3
王蓓,1,黑与白的证明,6.2,20,4,爱情样板房(话剧),8.2,16,-
刘思维,2,开心麻花版 隐婚男女,7.0,219,1,爷们儿,7.3,1730,1,满城全是金字塔(话剧),6.5,70,-
赵伟钢,1,开心麻花版 隐婚男女,7.0,219,2,圆环物语(话剧),7.2,654,-,蓝马(话剧),7.5,41,-,设杀游戏(话剧),5.5,12,-
刘牧,2,开心麻花版 隐婚男女,7.0,219,4,寻找初恋,7.7,641,5,江小东和刘小文(话剧),7.4,231,-,冒牌人生(话剧),8.2,72,-,千万别冲动(话剧),5.9,13,-,鬼马2283(话剧),5.6,10,-,恋爱直播(话剧),,,-
张嘉宇,3,开心麻花版 隐婚男女,7.0,219,5,秋裤和擀面杖,7.5,224,8,毛毛带你飞,10.0,16,3
晴飞,1,开心麻花版 隐婚男女,7.0,219,6
吴泳宏,2,开心麻花版 隐婚男女,7.0,219,8,番茄不简单,7.2,242,7,偷心晚宴(沉浸式演出),,,-
王_[,2,开心麻花版 隐婚男女,7.0,219,9,马不停蹄的忧伤,7.0,453,7
张梦儿,2,马不停蹄的忧伤,7.0,453,1,寻找初恋,7.7,641,1,月亮和六便士(话剧),7.1,391,-
贺梦洁,2,马不停蹄的忧伤,7.0,453,2,中文版I Do！I Do!,6.3,127,4
瞿艺,2,马不停蹄的忧伤,7.0,453,4,梵高,5.7,426,4
张志,3,马不停蹄的忧伤,7.0,453,6,我的遗愿清单,7.3,1776,2,美女与野兽,8.3,1043,4,关于爱情归宿的最新观念(话剧),6.7,1431,-,老妇还乡(话剧),7.5,813,-,红色的天空(话剧),8.2,679,-,洄游舞集―土匪婆(舞剧),,,-,玫瑰(舞剧),,,-,混世(话剧),7.7,45,-,杀死男主角(话剧),,,-,忘了爱请问怎么走(话剧),,,-,决定性的零时(话剧),,,-,国家安全(话剧),,,-,南海李准(川剧),,,-,甲子园(话剧),7.7,778,-
王玉冰,1,马不停蹄的忧伤,7.0,453,7
陈颖轩,1,马不停蹄的忧伤,7.0,453,9
胡芳洲,2,马不停蹄的忧伤,7.0,453,10,爱与谋杀的绅士指南,7.5,355,3
张博俊,3,马不停蹄的忧伤,7.0,453,6,我的遗愿清单,7.3,1776,2,献给阿尔吉侬的花束,7.7,392,3
陈颍轩,1,马不停蹄的忧伤,7.0,453,9
姜柏任,7,爱与谋杀的绅士指南,7.5,355,2,我期待,,,2,天天想你,4.6,40,5,倾城记,,,3,绿鸟,7.6,23,7,Mini Lover,6.3,366,5,少年台湾,7.1,181,2
朱芾,6,爱与谋杀的绅士指南,7.5,355,4,春上海1949,,,9,中文版近乎正常,7.4,686,2,音乐之声中文版,,,4,如果,6.8,106,8,狮子王,8.7,2767,3
李炜铃,5,爱与谋杀的绅士指南,7.5,355,5,周日恋曲,6.8,728,4,当爱已成往事,6.6,236,2,爱在星光里,6.4,93,2,春上海1949,,,7
李少榆,2,爱与谋杀的绅士指南,7.5,355,6,Rest in Peace(话剧),,,-,美女与野兽,8.3,1043,10
娄艺潇,1,周日恋曲,6.8,728,2,糖果(话剧),7.7,17,-
黄龄,2,当爱已成往事,6.6,236,3,女人一定要有钱(话剧),7.2,256,-,等爱的女人(话剧),,,-,弘一,,,4
王维申,2,当爱已成往事,6.6,236,4,寻找初恋,7.7,641,8,后青春期的诗(话剧),6.6,315,-,缘定一生(话剧),,,-
金池,1,当爱已成往事,6.6,236,5,金池塘(话剧),,,-
黄米依,1,当爱已成往事,6.6,236,6
王铮亮,2,当爱已成往事,6.6,236,8,时间都去哪儿了(话剧),5.4,14,-,阿尔兹记忆的爱情,5.9,604,3
方书剑,2,春上海1949,,,2,我的遗愿清单,7.3,1776,4
闫乐湟,1,春上海1949,,,3
张旭辰,1,春上海1949,,,4
曲浩田,1,春上海1949,,,5
蔡淇,2,春上海1949,,,6,唯不忘相思,,,4
钱安琪,1,春上海1949,,,8
蒋依敏,1,春上海1949,,,10
金志文,1,阿尔兹记忆的爱情,5.9,604,4
吉杰,2,阿尔兹记忆的爱情,5.9,604,5,搭讪培训班(话剧),,,-,过去五年,6.7,157,1
郁可唯,1,阿尔兹记忆的爱情,5.9,604,1
郑棋元,3,阿尔兹记忆的爱情,5.9,604,2,鸟巢・吸引(多媒体剧),4.8,171,-,断桥,7.3,149,1,小时代,5.0,49,10
亚森,1,阿尔兹记忆的爱情,5.9,604,4
李炜鹏,4,阿尔兹记忆的爱情,5.9,604,6,诗经・采薇,5.0,13,1,天地运河情,7.5,12,3,告诉海,,,1
姜楠,1,断桥,7.3,149,2,西湖・千年之恋(音乐舞台剧),,,-
潘辰,1,小时代,5.0,49,3
刘思涵,1,小时代,5.0,49,4
马海生,1,小时代,5.0,49,5
李祥祥,1,小时代,5.0,49,7
张捷,1,小时代,5.0,49,9
赵禹钧,3,天地运河情,7.5,12,2,中文版近乎正常,7.4,686,5,献给阿尔吉侬的花束,7.7,392,4
左炜,2,天地运河情,7.5,12,4,紫石街,5.0,100,2
曹博,3,天地运河情,7.5,12,5,狐狸(话剧),7.0,15,-,飞向索拉里斯(话剧),7.9,33,-,Yoko Yoko 花神咖啡馆(话剧),6.4,91,-,爱上邓丽君,7.4,137,5,秋裤和擀面杖,7.5,224,11
孙家欢,1,告诉海,,,2
喻越越,3,告诉海,,,3,美丽中国(音舞诗画),,,-,彝红,6.9,17,4,我们的爱情故事,,,1
徐晓飞,1,告诉海,,,4,烟雨青瓷(越剧),,,-
徐春雨,1,告诉海,,,5
黄雅君,1,告诉海,,,6
王静,1,爱上邓丽君,7.4,137,1,红孩儿(皮影舞台剧),,,-,浮士德(话剧),8.0,11,-,紫钗记(昆曲),7.5,51,-,义侠记(昆曲),7.7,35,-,秋瑾(话剧),,,-,醉西厢(话剧),,,-,彼时此处(静态剧场),,,-,惊蛰(话剧),7.1,31,-,闪婚(话剧),,,-,再e康(歌剧),,,-,浮沉跬邪(话剧),,,-
齐奇,1,爱上邓丽君,7.4,137,3,沙湾往事(舞剧),9.0,277,-
韩艺浓,2,爱上邓丽君,7.4,137,4,新鹊桥会(杂技剧),,,-,昆仑神话,6.2,35,5
于笑笑,1,秋裤和擀面杖,7.5,224,3
孙叶雨,2,秋裤和擀面杖,7.5,224,4,故宫里的大怪兽之吻兽使命,6.5,16,1
帕赛,1,秋裤和擀面杖,7.5,224,5,互动喜剧《情圣》(互动喜剧),6.2,103,-,那拉提恋歌(话剧),6.6,20,-
国恩龙,3,秋裤和擀面杖,7.5,224,6,故宫里的大怪兽之吻兽使命,6.5,16,2,食物恋之真假机器人(话剧),,,-,合租时代,,,8
牛俊杰,2,秋裤和擀面杖,7.5,224,7,毛毛带你飞,10.0,16,4,画皮(舞剧),7.6,85,-,人之初(舞剧),,,-,O-西游(舞剧),6.5,14,-
肖咏轩,1,秋裤和擀面杖,7.5,224,9
张卓航,1,合租时代,,,1
王萌,1,合租时代,,,2,暗恋桃花源(话剧),8.8,14285,-,谋杀启事(话剧),7.2,1780,-,说走就走的旅行(话剧),6.7,742,-,回廊亭杀人事件(话剧),8.0,758,-,解忧杂货店(话剧),8.1,938,-,我是余欢水(话剧),6.3,437,-,隐藏的宝藏(话剧),7.1,587,-,我想我疯了(话剧),7.0,213,-,进化(话剧),8.5,129,-,国际饭庄(话剧),7.7,125,-,狼(话剧),6.8,132,-,戏剧性一夜(舞台剧),6.4,94,-,三好人生(话剧),6.9,38,-,城堡的魅影(话剧),5.4,20,-,屋里的大象(话剧),6.2,18,-,拜拜，拜金女(话剧),,,-,宝贝儿(话剧),,,-,江湖的最后一个茄子(话剧),,,-,进化(话剧),,,-
唐琳,1,合租时代,,,3
刘南希,1,合租时代,,,4
徐小惠,1,合租时代,,,5
张燕妮,1,合租时代,,,7,万劫明珠(粤剧),,,-
田野,2,兵马俑,,,5,田野……田野……(话剧),,,-,春天将至 山中田野(话剧),,,-,驼道(舞剧),,,-,雪域天路(舞剧),,,-,壮志骄阳(话剧),,,-,彩虹之路(舞剧),6.4,45,-,コミックジャック(话剧),,,-,十二夜(话剧),,,-,千B(话剧),,,-,奇幻闹钟事件簿,,,3
樊宇哲,1,奇幻闹钟事件簿,,,1
晏鹏扬,1,奇幻闹钟事件簿,,,2
孟繁t,1,奇幻闹钟事件簿,,,4
杨雷,1,奇幻闹钟事件簿,,,6,我的婚姻谁做主2.0之搜，附近的人(话剧),,,-,我的婚姻谁做主(话剧),,,-,我的爱情谁做主(话剧),,,-,一席之地(话剧),,,-,再不疯狂我们就老了(话剧),,,-,我在北京有张床(话剧),,,-
张嘉宸,1,奇幻闹钟事件簿,,,7
刘柏彤,1,奇幻闹钟事件簿,,,8
孙辰辰,1,奇幻闹钟事件簿,,,9
王款,1,奇幻闹钟事件簿,,,10
魏雪漫,2,昆仑神话,6.2,35,1,梵高自传(话剧),7.6,98,-,至少有十年我不曾流泪(话剧),,,-,森林诱惑（又名拜访森林）,8.9,1170,1
周铁男,1,昆仑神话,6.2,35,2,向上走向下走(话剧),7.9,124,-,谁爱谁爱谁谁(话剧),6.6,22,-,爱情三十六小时(话剧),,,-,谈谈情、跳跳槽(话剧),,,-
卞佳平,2,昆仑神话,6.2,35,4,我，堂吉诃德,8.2,4866,2
陈雷,1,昆仑神话,6.2,35,6
万千惠,1,森林诱惑（又名拜访森林）,8.9,1170,2,李尔王(话剧),7.9,1271,-,被缚的普罗米修斯(话剧),6.8,13,-
陆伟伟,1,森林诱惑（又名拜访森林）,8.9,1170,3
谢梦溪,1,森林诱惑（又名拜访森林）,8.9,1170,4
章小敏,3,森林诱惑（又名拜访森林）,8.9,1170,3,上海方舟(交响剧场),,,-,鲜花烈火,,,2,小城之春,,,1
王艺埙,1,鲜花烈火,,,1
沈波尔,1,小城之春,,,4
严峰,1,小城之春,,,5,让子弹飞一会(话剧),,,-
林中琦,1,我，堂吉诃德,8.2,4866,5
李凯昂,1,我，堂吉诃德,8.2,4866,6
袁筱璇,1,我，堂吉诃德,8.2,4866,7,爱莲说(歌剧),,,-
丁瑶,2,我，堂吉诃德,8.2,4866,8,仲夏夜之梦(话剧),7.9,1009,-,一仆二主(话剧),8.2,387,-,歌剧魅影飞越疯人院(话剧),6.8,119,-,玩命一家(话剧),7.7,44,-,齐德拉(话剧),5.8,32,-,时光旅行局意外事件,7.0,69,6
李金平,1,我，堂吉诃德,8.2,4866,8,穆桂英挂帅(京剧),8.9,87,-
魏驿欢,1,我，堂吉诃德,8.2,4866,9,《十六块五》(话剧),,,-,灰・禁(话剧),8.4,26,-,搬家(话剧),9.4,11,-,双面麦克白(话剧),4.0,12,-,Grounded(话剧),,,-
韩骏雄,1,我，堂吉诃德,8.2,4866,10
陈志,1,我，堂吉诃德,8.2,4866,11,《归来》(话剧),5.4,110,-,李陵碑(京剧),9.3,13,-,Rape病毒(话剧),,,-,比基尼的秘密(话剧),,,-,无处安放(话剧),,,-,想要跟你飞(话剧),,,-,门(话剧),,,-,男人事、男人是(话剧),,,-,失物待领(舞剧),,,-,朝内81号(话剧),6.2,34,-,二堂舍子(京剧),7.3,12,-,去往何处(话剧),7.5,11,-
郑正,1,我，堂吉诃德,8.2,4866,12,等待戈多-等你妹(话剧),6.4,11,-
郑晓森,1,我，堂吉诃德,8.2,4866,13
郑玲,1,我，堂吉诃德,8.2,4866,15,鹅笼书生(话剧),6.6,194,-,好运派尔的旅行(话剧),,,-,1857白房间(话剧),,,-
刘乙萱,4,我，堂吉诃德,8.2,4866,3,醉后赢家,6.9,90,4,一步登天,6.7,797,2,弗兰肯斯坦(话剧),9.1,1318,-,弗兰肯斯坦(话剧),7.4,174,-,任天堂,7.2,55,2
赵之文,2,我，堂吉诃德,8.2,4866,6,一步登天,6.7,797,1,雄狮与宝石(话剧),,,-
刘D,1,我，堂吉诃德,8.2,4866,7
郑超群,1,我，堂吉诃德,8.2,4866,8,血色婚礼(话剧),6.7,11,-
伊利努尔,1,我，堂吉诃德,8.2,4866,9
戴辉,1,我，堂吉诃德,8.2,4866,10,西出阳关(话剧),,,-
赵骞,2,我，堂吉诃德,8.2,4866,11,燃烧的疯人院(话剧),6.5,955,-,螺丝小姐,4.6,12,6
崔秀丽,5,时光旅行局意外事件,7.0,69,2,大力水手,,,2,寻找初恋,7.7,641,4,因为爱情2,6.7,103,5,隐婚男女(话剧),6.5,175,-,中文版I Do！I Do!,6.3,127,3
刘钊,3,时光旅行局意外事件,7.0,69,4,恋爱吧！人类,7.0,926,1,爷们儿,7.3,1730,1,杜子春(话剧),7.0,229,-,悟空(话剧),,,-,Out of Order(话剧),7.7,137,-
周晓M,1,时光旅行局意外事件,7.0,69,5
杨闫乐,3,时光旅行局意外事件,7.0,69,7,至乐汇音乐剧高手,6.0,149,8,大力水手,,,4
淳琪,1,时光旅行局意外事件,7.0,69,8
张弛,1,至乐汇音乐剧高手,6.0,149,1,命中注定(话剧),6.6,140,-,关虎屯的艳俗生活(话剧),7.6,46,-,微时代之厝(话剧),5.0,53,-,想吃麻花现给你拧(话剧),6.1,180,-
蔡鹏飞,2,至乐汇音乐剧高手,6.0,149,2,逆时光呐喊(话剧),8.0,138,-,交错时光的爱恋(话剧),6.0,22,-,箱爱(话剧),7.5,13,-,绝代双“熊”(话剧),6.4,12,-,单身狗日记(话剧),,,-,想说甩你不容易(话剧),,,-,不骗你骗谁后传(话剧),,,-,大话西游之恭喜发财(话剧),,,-,香妃,4.3,11,4
李俊苇,1,至乐汇音乐剧高手,6.0,149,3,如果・我不是我(话剧),7.4,614,-,都市生存手册(话剧),6.3,24,-,活出全新的自己(话剧),6.4,13,-
徐瑶,4,至乐汇音乐剧高手,6.0,149,4,我已经不再是我,7.7,46,2,聂小倩与宁采臣,8.2,250,1,他爱她爱他爱她(话剧),6.7,19,-,中文版灰姑娘,5.7,278,1
匡冠荣,1,至乐汇音乐剧高手,6.0,149,5,驴得水(话剧),8.4,5283,-,至乐汇舞台剧破阵子(话剧),7.0,728,-,至乐汇舞台剧一个演员的自我修养(话剧),7.1,123,-,五道口(话剧),,,-
王婧晶,1,至乐汇音乐剧高手,6.0,149,6,话剧《广陵绝》(话剧),6.9,172,-,子君(话剧),6.6,25,-,小镇琴声(话剧),5.9,14,-
崔妍,2,至乐汇音乐剧高手,6.0,149,7,TA不见了,6.2,115,5,五号桥墩(话剧),8.5,44,-,陌上看花人(戏曲),,,-
刘璐,1,至乐汇音乐剧高手,6.0,149,9,门――我们的游戏(武蹈),,,-,霸王歌行(话剧),6.4,109,-,破罐记(话剧),7.8,90,-,招租启示(话剧),6.9,64,-,劫出人生(话剧),7.1,58,-,生命密码(话剧),,,-,榴莲(话剧),,,-,绿野仙踪(歌舞剧),,,-
张腾,1,至乐汇音乐剧高手,6.0,149,10,无动物戏剧(话剧),6.6,13,-
李培智,1,至乐汇音乐剧高手,6.0,149,11
蒋沂希,1,至乐汇音乐剧高手,6.0,149,12
张琛,1,至乐汇音乐剧高手,6.0,149,13,匿藏(话剧),,,-,我叫白小飞(话剧),6.5,394,-,野鸭 The Wild Duck(话剧),6.5,68,-,当一女遇见男男男男男男男(话剧),6.5,46,-,拾叁(话剧),7.1,36,-,禽・兽(话剧),8.0,21,-
王晶婉,1,至乐汇音乐剧高手,6.0,149,14
吕晋源,1,至乐汇音乐剧高手,6.0,149,15
桑可舟,5,大力水手,,,1,因为爱情2,6.7,103,4,你说我容易吗之百万约定,7.1,89,2,我变了，我没变,6.5,62,4,毛毛带你飞,10.0,16,2
张云轩,1,大力水手,,,3
索南,1,大力水手,,,5,唐卡(舞剧),,,-
张天航,1,大力水手,,,6
曹延婷,1,香妃,4.3,11,1
海涛,1,香妃,4.3,11,5,倾城之恋(话剧),7.6,20,-,江湖（舞剧）(舞剧),,,-,七月与安生(话剧),6.8,711,-,王子奇鱼记(话剧),7.5,431,-,艺术(话剧),8.1,507,-,生存法则(话剧),7.0,251,-,至乐汇舞台剧一出梦的戏剧(话剧),7.3,180,-,长征(歌剧),7.0,108,-,于无声处(话剧),7.4,36,-,拜金相对论(话剧),7.4,104,-,浮士德(话剧),7.5,44,-,情书(话剧),7.7,55,-,面子问题(话剧),5.8,38,-,唐豪瑟与瓦特堡歌唱大赛(歌剧),,,-,三人行必有丑男(话剧),7.1,10,-,魔女的回眸(话剧),,,-,一夜疯狂(话剧),,,-,夜上浓妆(话剧),,,-,一个当代艺术家的蓄意纵火(话剧),,,-
刘子菲,1,香妃,4.3,11,6
张新成,1,TA不见了,6.2,115,1
黄玫,1,TA不见了,6.2,115,3
刘岩,3,我已经不再是我,7.7,46,1,除夕(话剧),5.1,102,-,红线(舞剧),,,-,黄道婆(舞剧),,,-,翻牌・爱(话剧),,,-,轮流训练(话剧),,,-,蝶,8.7,1430,1,聂小倩与宁采臣,8.2,250,2
赵子璇,1,我已经不再是我,7.7,46,3
王涵,1,我已经不再是我,7.7,46,4,收信快乐(话剧),8.1,909,-,终成眷属(话剧),7.1,270,-,芳心之罪(话剧),6.5,184,-,安的秘密(话剧),6.4,213,-,最完美的婚姻(话剧),7.2,130,-,周六下午两点半的咖啡馆(话剧),7.1,86,-,尊敬的谢晚婷女士谢谢你(话剧),,,-,口红之红(话剧),,,-
沙宝亮,1,蝶,8.7,1430,3
林静,1,蝶,8.7,1430,4
丁子玲,1,蝶,8.7,1430,5
景岗山,1,聂小倩与宁采臣,8.2,250,3
潘旭,1,再见，1990,,,1,饭・局(话剧),7.1,11,-
李思音,1,再见，1990,,,2
易葳,1,再见，1990,,,2
智楠,1,再见，1990,,,3
刘岩鑫,1,再见，1990,,,3
严中杰,3,中文版灰姑娘,5.7,278,2,中文版近乎正常,7.4,686,10,快把我哥带走,6.0,44,5
邱椿博,1,中文版灰姑娘,5.7,278,4
舒杨,1,中文版近乎正常,7.4,686,4
钟琪,2,中文版近乎正常,7.4,686,6,断肠辞(昆曲),6.9,16,-,我期待,,,3
翟松,1,中文版近乎正常,7.4,686,8,一个青年人的死亡(话剧),7.5,43,-
乐巍,2,中文版近乎正常,7.4,686,9,音乐之声中文版,,,8
周锐,1,快把我哥带走,6.0,44,2
李秋盟,3,快把我哥带走,6.0,44,3,楼兰,5.6,18,3,如果,6.8,106,2
陈希琰,3,快把我哥带走,6.0,44,4,Mini Lover,6.3,366,3,中文版长腿叔叔,7.3,1006,2
黄柏煊,1,快把我哥带走,6.0,44,6
邵玎,1,快把我哥带走,6.0,44,7
邓贤凌,1,快把我哥带走,6.0,44,8
徐雷,1,快把我哥带走,6.0,44,9,纪念碑(话剧),6.9,455,-
唐超,2,快把我哥带走,6.0,44,10,番茄不简单,7.2,242,8,花中君子陈三两(锡剧),,,-
林圣伦,1,我期待,,,4
陈品伶,3,我期待,,,5,p肉，遇见你,7.0,16,1,倾城记,,,2
叶文豪,3,倾城记,,,4,w色的r光(话剧),7.8,22,-,， 。(话剧),,,-,文生．梵谷(话剧),,,-,美丽的错误,,,4,东区卡门,,,3
王诗淳,2,倾城记,,,5,东区卡门,,,7,三房一厅(话剧),,,-,怀疑(话剧),7.3,524,-,离家不远(体剧),,,-,SMAP X SMAP: In love with the 90s(话剧),,,-,公寓春光(话剧),,,-,约会(话剧),,,-,理查三世(话剧),8.2,572,-
林姿吟,6,倾城记,,,6,双城恋曲,,,3,嬉64百老RV-I AM WHAT I AM,,,14,月亮上的刀巴(话剧),,,-,月牙湾(话剧),,,-,下午，美术馆里的四个人,9.2,12,2,渭水春风,,,3,魔笛狂想,,,3
张擎佳,1,倾城记,,,7
苏柏庭,1,倾城记,,,8
林彦均,1,倾城记,,,9
江翊睿,5,美丽的错误,,,6,东区卡门,,,2,放牛班的春天・中文版,7.1,672,1,四月望雨,,,1,天堂边缘,,,2
高蕾雅,1,东区卡门,,,1
陈何家,2,东区卡门,,,4,少年台湾,7.1,181,6
钟筱丹,3,东区卡门,,,6,少年台湾,7.1,181,5,双城恋曲,,,1
孙小山,1,放牛班的春天・中文版,7.1,672,1
党文葳,1,放牛班的春天・中文版,7.1,672,2
李心怡,1,放牛班的春天・中文版,7.1,672,2,都市往事之阮玲玉(话剧),,,-
李云,1,放牛班的春天・中文版,7.1,672,3,檀香刑(歌剧),6.5,20,-,说客(话剧),7.6,170,-,奈何桥外1KM(话剧),4.5,216,-,秦国喜剧(话剧),8.9,50,-,审判乌布王 Ubu Condamné(话剧),6.2,37,-,将爱情进行到底(话剧),5.9,27,-,步步惊心(越剧),6.8,23,-,门客(话剧),6.7,10,-
周炜庭,1,放牛班的春天・中文版,7.1,672,3
沈道灵,1,放牛班的春天・中文版,7.1,672,4
戴国杰,1,放牛班的春天・中文版,7.1,672,4
葛长城,1,放牛班的春天・中文版,7.1,672,5,《飞越疯人院》授权中文版(话剧),6.9,245,-,爱的喜剧(话剧),5.9,37,-,胡同12号(话剧),,,-,寻梦伊甸园(话剧),,,-
方银河,2,放牛班的春天・中文版,7.1,672,6,九人(话剧),6.7,155,-,暴风雨(话剧),7.8,444,-,音乐之声,8.5,1933,7
蒋梦诗,1,放牛班的春天・中文版,7.1,672,6
路子常,1,放牛班的春天・中文版,7.1,672,8
章嘉恩,1,放牛班的春天・中文版,7.1,672,9
苏子仑,1,放牛班的春天・中文版,7.1,672,10
黄浩咏,1,天堂边缘,,,4,古董店的幸福r光―返囊泛(话剧),,,-
张世佩,1,天堂边缘,,,5
田代久雄,1,音乐之声,8.5,1933,2
加藤玲子,1,音乐之声,8.5,1933,3,美しい革命(话剧),,,-
吉田要士,1,音乐之声,8.5,1933,4
星野真衣,1,音乐之声,8.5,1933,7,父亲的恋爱(话剧),8.5,65,-,リンダリンダ(话剧),,,-,ポテチ(话剧),,,-,ゼブラ(话剧),,,-
相原奈保子,1,音乐之声,8.5,1933,9,簸あるから！(舞台剧),,,-,ザ99レジスタンス、抵抗(话剧),,,-
党韫葳,3,音乐之声,8.5,1933,1,音乐之声中文版,,,1,献给阿尔吉侬的花束,7.7,392,5
傅震华,3,音乐之声,8.5,1933,2,漫长的告白(话剧),6.2,1468,-,拜金一族(话剧),6.6,88,-,大商海(话剧),7.0,38,-,音乐之声中文版,,,2,律・诗―雷经天,7.2,26,1
汪洁,1,音乐之声,8.5,1933,3
王艺鸥,1,音乐之声,8.5,1933,4
刘畅,2,音乐之声,8.5,1933,5,恋爱的犀牛(话剧),8.6,45194,-,四川好人(话剧),7.0,1416,-,茶馆(话剧),9.3,4221,-,我爱XXX(话剧),7.1,2308,-,茶馆(话剧),6.8,1051,-,臭虫(话剧),6.3,1202,-,年轻的野兽(话剧),6.4,619,-,爱在歇斯底里时(话剧),6.2,431,-,静默(话剧),5.8,109,-,桃色办公室(话剧),7.0,1076,-,晚餐(话剧),6.5,302,-,爱比死更冷酷(话剧),6.7,100,-,梦露之死(话剧),6.5,128,-,怪谈(舞剧),7.5,58,-,临川四梦(话剧),5.9,156,-,四世同堂(曲剧),7.8,103,-,安妮日记(话剧),6.9,98,-,一步登天,6.7,797,3
兰浩,1,音乐之声,8.5,1933,7,永不消逝的电波(舞剧),9.5,2162,-
张梦嫣,1,音乐之声,8.5,1933,8
刁旋,2,音乐之声,8.5,1933,9,绿鸟,7.6,23,6
王蓝雪,1,音乐之声,8.5,1933,10
张蕊,1,音乐之声,8.5,1933,4,以2的名义(话剧),,,-,王昭君(话剧),,,-
陈诺言,1,音乐之声,8.5,1933,5
宁梦恬,2,音乐之声,8.5,1933,8,帅小伙的蔬果店,6.5,50,9
杨梓,1,音乐之声,8.5,1933,9,不伏老(昆曲),,,-,老爷我冤(话剧),,,-,风声(话剧),6.9,28,-
张西昂,1,音乐之声,8.5,1933,10
祝颂皓,1,音乐之声中文版,,,2,香港印象(话剧),6.6,14,-
何棋,1,音乐之声中文版,,,3
孙海英,1,音乐之声中文版,,,4,独自温暖(话剧),6.9,1780,-,培尔・金特(话剧),7.7,44,-
柳青,1,音乐之声中文版,,,5,柳青(话剧),7.7,25,-
,1,音乐之声中文版,,,5
陆宇鹏,2,音乐之声中文版,,,6,梵高 中文版,6.2,47,1
梁朋杰,2,音乐之声中文版,,,6,帅小伙的蔬果店,6.5,50,8
周奇,1,音乐之声中文版,,,6,走进比爱情更深邃的地方(话剧),6.2,53,-
李苏霖,1,音乐之声中文版,,,6
杨凌雁,1,音乐之声中文版,,,7
付函玉,1,音乐之声中文版,,,9
刘彬濠,1,帅小伙的蔬果店,6.5,50,1
王杨,2,帅小伙的蔬果店,6.5,50,2,阿依达(歌剧),8.0,517,-,鲁镇往事(话剧),8.3,107,-,偷心(话剧),7.0,91,-,八美千娇(话剧),6.8,77,-,祝/言(话剧),7.9,55,-,蛇诗慢--青白娘子传奇(话剧),7.1,14,-,硬如人心软如你(话剧),,,-,玉堂春(歌剧),,,-,一步登天,6.7,797,6
刘政,2,帅小伙的蔬果店,6.5,50,2,一座高楼(话剧),,,-,我与世界只差一个你(话剧),7.0,318,-,爱德华的奇妙之旅(音乐话剧),7.9,41,-,如果的事(话剧),,,-,别让我撒谎(话剧),,,-,行知先生(话剧),7.7,15,-,惹尘埃(话剧),5.3,11,-,恋爱吧！人类,7.0,926,1
金圣权,1,帅小伙的蔬果店,6.5,50,3
宋,1,帅小伙的蔬果店,6.5,50,4
徐泽辉,1,帅小伙的蔬果店,6.5,50,5
赵雨卉,1,帅小伙的蔬果店,6.5,50,6
杨琳,1,帅小伙的蔬果店,6.5,50,7,你说什么我听不懂(话剧),,,-
田依凡,1,恋爱吧！人类,7.0,926,3,开心晚宴(话剧),6.6,247,-,第四者晚宴(话剧),5.8,22,-
戴滢,2,恋爱吧！人类,7.0,926,4,爷们儿,7.3,1730,2
李雪银,2,恋爱吧！人类,7.0,926,5,醉后赢家,6.9,90,10
杨映宇,2,恋爱吧！人类,7.0,926,2,醉后赢家,6.9,90,5,五脊六兽(话剧),6.0,121,-,两只蚂蚁在路上(话剧),6.0,73,-
李乐尧,2,恋爱吧！人类,7.0,926,7,醉后赢家,6.9,90,7
林瀚青,1,恋爱吧！人类,7.0,926,2
王雨姝,1,恋爱吧！人类,7.0,926,3
罗月宁,1,恋爱吧！人类,7.0,926,4
潘龙,2,恋爱吧！人类,7.0,926,5,小岛往事,,,8
刘丞彬,1,恋爱吧！人类,7.0,926,1
张植,1,恋爱吧！人类,7.0,926,2,青春禁忌游戏(话剧),7.8,849,-,白马坊(话剧),7.6,48,-
刁刁,1,恋爱吧！人类,7.0,926,3
王闻乐,1,恋爱吧！人类,7.0,926,4,恋爱吧！人类（话剧版）(话剧),7.2,121,-
杨君军,1,醉后赢家,6.9,90,2,罗刹国(话剧),7.0,356,-
许沁,2,醉后赢家,6.9,90,3,父亲(话剧),7.4,455,-,打工姐妹(话剧),4.9,12,-,寻找初恋,7.7,641,3
王晨,1,醉后赢家,6.9,90,6,澡堂(话剧),7.8,140,-,脑蒸发(话剧),7.8,211,-,寻(话剧),,,-,爷们之我的失忆女友(话剧),,,-,斩龙(话剧),,,-,让你离不成(话剧),,,-
张峻鸣,1,寻找初恋,7.7,641,6
马臣博,1,寻找初恋,7.7,641,7,寻人启事(话剧),,,-,排队(话剧),,,-,恋曲2010(话剧),,,-
王元虎,1,爷们儿,7.3,1730,3
何子君,1,爷们儿,7.3,1730,4,谈判专家(话剧),7.0,1509,-,蒙娜丽莎的微笑(话剧),7.2,445,-
刘欣然,1,爷们儿,7.3,1730,5,牛天赐(话剧),8.3,222,-,怜香伴(昆曲),7.7,90,-,老舍五则(话剧),7.8,1666,-,二马(话剧),7.3,694,-,老舍赶集(话剧),7.5,186,-
杨晓明,1,爷们儿,7.3,1730,6,李茶的姑妈(话剧),7.1,3565,-,疯狂双子星(话剧),7.1,456,-,开心麻花・舒克和贝塔之克里斯王国(话剧),7.3,18,-,冷笑话(话剧),,,-,魔幻都市(话剧),,,-
王泓泽,1,爷们儿,7.3,1730,7,我不是李白(话剧),6.9,686,-
徐达,1,爷们儿,7.3,1730,5,孤山梦(昆曲),,,-
王化诚,1,爷们儿,7.3,1730,6,阳台(话剧),6.4,1420,-,老宅(话剧),5.3,388,-
李骜,1,爷们儿,7.3,1730,4
王星雨,1,小岛往事,,,2
李昕怡,1,小岛往事,,,3
杨森,1,小岛往事,,,4,前任不敲门(话剧),6.6,129,-,绝对高级(话剧),6.3,32,-
高艺娜仁,1,小岛往事,,,5
张智诚,1,小岛往事,,,6
田颖一,1,小岛往事,,,7
谢利钦,1,小岛往事,,,9
刘晓燕,1,小岛往事,,,10
翟李朔天,1,一步登天,6.7,797,4,"魔都,魔都!(话剧)",5.5,11,-
刘宇,1,一步登天,6.7,797,5
薄斯文,1,一步登天,6.7,797,7,现在还不是世界末日(话剧),,,-
牟溢,1,一步登天,6.7,797,9
刘志涛,2,人鱼公主・海洋之歌,,,1,灰姑娘・美丽转身,,,2
严艺,1,人鱼公主・海洋之歌,,,2,如梦之梦(话剧),8.9,3849,-,的旅行(话剧),,,-,小三c小王(话剧),,,-,疯狂电视台3：来自地球的你(话剧),,,-,女生o(话剧),,,-
陈茜雅,1,灰姑娘・美丽转身,,,1
吕勃燃,1,绿鸟,7.6,23,3
曾天,1,绿鸟,7.6,23,4
付翔,2,绿鸟,7.6,23,5,乌龙山伯爵(话剧),7.3,8917,-,盗墓笔记II-怒海潜沙(话剧),6.9,406,-,盗墓笔记・番外篇：新月饭店(话剧),6.7,257,-,神秘的糖果工厂,8.6,75,3
刘浩冉,2,绿鸟,7.6,23,8,楼兰,5.6,18,1,音乐剧明星集锦音乐会,,,5
周灼焱,1,绿鸟,7.6,23,9
高渝浚,1,绿鸟,7.6,23,4
张悦,1,绿鸟,7.6,23,6,锁麟囊(京剧),9.3,366,-,齐天大剩邹十一(话剧),6.4,21,-,上发条的梦露(话剧),,,-
曹杨,1,楼兰,5.6,18,2
李扬鹏,1,楼兰,5.6,18,5
丁辉,4,音乐剧明星集锦音乐会,,,3,Mini Lover,6.3,366,2,幺幺洞捌(话剧),7.6,1062,-,面包树上的女人(话剧),7.4,580,-,临时居所(话剧),6.3,78,-,我的遗愿清单,7.3,1776,3,中文版长腿叔叔,7.3,1006,4,坠入爱河,5.5,28,1
高杨,1,音乐剧明星集锦音乐会,,,8,中文版长腿叔叔,7.3,1006,4
朱玉琴,1,神秘的糖果工厂,8.6,75,4
巧克力,1,神秘的糖果工厂,8.6,75,5,辣椒・巧克力(话剧),5.5,102,-,暮思・巧克力(话剧),,,-,都市传奇8－装神弄鬼(话剧),,,-
赵宏博,1,神秘的糖果工厂,8.6,75,6
印小倩,1,神秘的糖果工厂,8.6,75,7,温莎的风流娘儿们(话剧),6.9,65,-
郎祖明,2,领带与高跟鞋,,,7,都是兵惹的,,,7
林于竣,2,领带与高跟鞋,,,5,嘿！阿弟牯(儿童剧),,,-,亲密(话剧),7.6,54,-,情迷(话剧),,,-,纸风车幻想曲(儿童剧),8.7,10,-,台湾幻想曲(儿童剧),,,-,黑道害我真命苦,,,7
王玮,1,领带与高跟鞋,,,3,4:48精神崩溃(话剧),6.9,471,-,二月(话剧),6.5,46,-,茶花女(话剧),7.3,76,-,特洛马克(话剧),7.1,114,-,浮生记(话剧),5.7,85,-,30P:不好x(话剧),,,-
卫莱,1,领带与高跟鞋,,,4,庞氏骗局(话剧),6.6,343,-,冰川(话剧),,,-
孙毓才,1,领带与高跟鞋,,,5,老大(话剧),7.0,119,-,绝对信号(话剧),8.1,98,-
邓美浩,2,Mini Lover,6.3,366,4,窗前不止明月光(话剧),7.3,2987,-,番茄不简单,7.2,242,6
栾文硕,2,Mini Lover,6.3,366,6,我，小王子,,,5
徐梦瑜,1,Mini Lover,6.3,366,10
简莉颖,1,昆西莫多,,,1,活小孩(话剧),,,-,五斗米靠腰(话剧),6.1,97,-,叛徒马密可能的回忆录(话剧),9.1,103,-,春眠(话剧),8.5,27,-,服妖之鉴(话剧),7.4,21,-,羞昂App(话剧),,,-,Taiwan365 永远的一天(话剧),,,-
詹凯安,1,昆西莫多,,,2,单身套房(话剧),,,-,地下室里的花(话剧),,,-
温吉兴,1,昆西莫多,,,4,白水(话剧),,,-,时间与房间(话剧),,,-,目B(话剧),,,-,潮喑(话剧),,,-,曲海岸L著一棵G橡(话剧),,,-,泰特斯―A子/布袋版(话剧),,,-
王玮廉,1,昆西莫多,,,5
石家宇,1,利维坦2.0,,,1,gl例 x 冥痄(话剧),,,-
周继琛,1,我的遗愿清单,7.3,1776,3
赵晗君,2,中文版长腿叔叔,7.3,1006,5,如果,6.8,106,4
孙盈,1,坠入爱河,5.5,28,4,屈原(话剧),6.8,24,-,战后，另一种形式的维纳斯(舞剧),,,-
胡与之,1,坠入爱河,5.5,28,5
马良,1,如果,6.8,106,1,情人的晚餐(话剧),7.4,41,-,死亡约会(话剧),6.9,18,-,谁拔了我的气门芯(环境剧),,,-,爸爸的时光机(木偶装置舞台剧),7.3,191,-,妖怪客栈1・姑获鸟的纷争(话剧),8.0,14,-
蔡璐,1,如果,6.8,106,3
王湘怡,1,如果,6.8,106,7
王琼,1,我，小王子,,,1,水中之书(话剧),6.5,829,-,良将与恶魔：双面吴起(昆曲),,,-
李凡,1,我，小王子,,,3
张琦铭,1,我，小王子,,,4
凌佩雯,1,我，小王子,,,6,本事诗(诗歌剧场),,,-,咱们的世界(话剧),,,-
丁宇佳,1,番茄不简单,7.2,242,5
邱,1,都是兵惹的,,,4,下一位(话剧),,,-
王立安,1,都是兵惹的,,,7
李小平,1,都是兵惹的,,,1,京戏启示录(话剧),9.3,60,-,非三岔口(话剧),,,-,春江花月夜(昆曲),8.4,241,-,金锁记(京剧),8.7,127,-,醉心花(昆曲),6.9,118,-,昭君出塞（李玉刚版）(舞剧),7.2,173,-,百年戏楼(舞台剧),9.3,58,-,十八罗汉图(京剧),8.0,55,-,快雪r晴(京剧与交响乐),8.7,28,-,梁山伯与祝英台(昆曲),6.8,47,-,我，哈姆雷特(昆曲),7.8,35,-,水袖与胭脂(戏曲),7.9,28,-,孟小冬(京剧),7.5,25,-,王熙凤大闹宁国府(京剧),8.8,26,-,青V前的υ(京剧),9.4,22,-,金缕曲(京剧),7.3,25,-,王有道休妻(京剧),8.1,12,-,三个人儿两盏灯(京剧),,,-
林世秉,1,都是兵惹的,,,6
周碧珊,1,都是兵惹的,,,9
李佳麒,1,都是兵惹的,,,10,梨@髌(京剧),,,-,武(话剧),,,-,美猴王(京剧),,,-,清风亭(京剧),8.5,33,-
顾易,1,献给阿尔吉侬的花束,7.7,392,6,两分铜币(话剧),5.9,74,-
窦承俊,1,献给阿尔吉侬的花束,7.7,392,7
李磊,1,献给阿尔吉侬的花束,7.7,392,8,白蛇传(京剧),8.8,147,-,赤面獠牙(话剧),,,-,欲望酒吧(话剧),,,-
丁辰西,1,献给阿尔吉侬的花束,7.7,392,9
帕塞,1,献给阿尔吉侬的花束,7.7,392,10
叶百恂,1,少年台湾,7.1,181,3
曾志远,1,少年台湾,7.1,181,4,梦想大饭店(话剧),,,-
梁允睿,3,美味型男,6.5,47,1,嬉64百老RV-I AM WHAT I AM,,,6,致亲爱的孤独者(话剧),,,-,台北诗人(话剧),7.5,101,-,事件：浮士德已炝(话剧),,,-,后来，我们都忘了(话剧),,,-,聊斋,6.5,122,1
李宏鸣,1,嬉64百老RV-I AM WHAT I AM,,,1
喻永翔,1,嬉64百老RV-I AM WHAT I AM,,,3
陈盈达,1,嬉64百老RV-I AM WHAT I AM,,,7,人文觫瘛素描(话剧),,,-
陈书婷,1,嬉64百老RV-I AM WHAT I AM,,,9
曾思瑜,2,嬉64百老RV-I AM WHAT I AM,,,10,受不了，我就是瘦不了,,,2
董姿彦,1,聊斋,6.5,122,2
叶贞芳,1,聊斋,6.5,122,4
刘晋旭,1,聊斋,6.5,122,5,阿Q后传(话剧),,,-
刘晓义,1,聊斋,6.5,122,6
陈建彬,1,老九,,,3
刘俊威,1,老九,,,4
林继修,1,老九,,,5
张仰u,3,下午，美术馆里的四个人,9.2,12,1,201264MDMA64莎访(舞台剧),,,-,小七爆炸事件一(话剧),,,-,再一次，梦想,,,1,下午，美术馆里的四个人,,,2
许逸圣,1,下午，美术馆里的四个人,9.2,12,3,心之锁爱(话剧),,,-
林玟圻,2,下午，美术馆里的四个人,9.2,12,4,台湾有个好莱坞,,,1
周明宇,1,魔笛狂想,,,4,百Bw巢入翟山(南管),,,-,逐鹿―Ita Thao的奇幻之旅(话剧),,,-
孙可芳,1,台湾有个好莱坞,,,2
林家麟,1,台湾有个好莱坞,,,6
竺定谊,1,台湾有个好莱坞,,,7,少年金O男孟母(话剧),7.9,17,-,K24(话剧),,,-,安平小(话剧),,,-,等待CC^之FFAA越zL(话剧),,,-,特斯拉科W之(多媒体剧),,,-
蔡邵桓,1,台湾有个好莱坞,,,9,特洛伊的高档生活(话剧),,,-
刘廷芳,2,台湾有个好莱坞,,,10,只有秘密可以交换秘密(话剧),,,-,莱茵黄金(话剧),,,-,第十二夜,,,3
凯尔,1,第十二夜,,,1,短波(话剧),5.9,10,-,}Q快(话剧),,,-,凯尔特传奇(舞剧),8.0,17,-
王柏森,5,看太阳,,,1,天使-不夜城,,,1,吻我吧娜娜,5.3,13,1,动物园的故事(话剧),6.5,12,-,中国公主杜兰朵(川剧),,,-,双头鹰之死(话剧),,,-,E-mail情人(话剧),,,-,搭错车,6.4,103,2,爱情有什么道理,,,2
左戎,1,看太阳,,,4
王立民,1,看太阳,,,10
左筠,2,看太阳,,,4,莫札特谋杀案(话剧),,,-,天使-不夜城,,,6
伯仁,1,看太阳,,,5,金花喜事(话剧),7.7,54,-,金花质(话剧),7.0,19,-,我的大老婆(话剧),,,-,黑色喜剧64白色幽默(话剧),,,-,白香兰(话剧),,,-
舒宗浩,5,看太阳,,,7,失宠于上帝的孩子们(话剧),6.3,10,-,针锋对决-Othello(话剧),,,-,新驯悍记(话剧),,,-,|方uL仲夏夜(舞台剧),,,-,我妹妹(话剧),,,-,巴黎花街(话剧),,,-,傻瓜村(话剧),,,-,开错门中门(话剧),,,-,火车起站(话剧),,,-,台北动物人(话剧),,,-,淡水小镇(话剧),7.4,629,-,吻我吧娜娜,5.3,13,4,跑路天使,,,5,爱神怕不怕,,,4,俏红娘,8.2,186,6
胡嘉,1,吻我吧娜娜,5.3,13,10,－生命回w(舞剧),,,-,看什么话剧(话剧),6.8,11,-
王怡雯,1,爱神怕不怕,,,6,午夜明灯(话剧),,,-,我的手枪日记之交换学生(话剧),,,-
潘奕如,1,爱神怕不怕,,,7,三国(话剧),7.5,767,-,疯狂年代(话剧),,,-
林俐余,1,爱神怕不怕,,,9
林泽群,3,俏红娘,8.2,186,2,结婚(话剧),7.7,178,-,屈打成医(话剧),5.6,35,-,Buried Child(话剧),8.3,13,-,维港干了(话剧),,,-,伊甸禁章(舞台剧),,,-,交响名人梦(话剧),,,-,DIVA 先生的华丽戏剧教室,,,1,蜘蛛女之吻,,,3
王耀祖,3,异型金刚,,,1,体育时期2.0(话剧),,,-,钗钏记(昆曲),,,-,我的体育时期(话剧),,,-,米兰达与卡里班：恶魔审判日(话剧),,,-,非禽走兽(话剧),,,-,夜鹰姊魅(话剧),,,-,书籍(话剧),,,-,黑森林(话剧),,,-,反面情侣2(话剧),,,-,"20,000赫兹的说话(话剧)",,,-,一切原本井井有条(话剧),,,-,山中方七日,,,3,雪后,,,6
郭芳廷,1,异型金刚,,,3
宋本浩,2,动物农庄,,,3,好人不x(话剧),,,-,捉你生日快乐(话剧),,,-,猥亵-三审王尔德(话剧),,,-,黄面佬(话剧),,,-,Φ64r光(话剧),,,-,罪f死(话剧),,,-,星梦尘缘,,,4
陈文刚,1,蜘蛛女之吻,,,2,纸飞机的天空(话剧),7.0,34,-,恶童日记(话剧),,,-,一夫一妻(话剧),,,-,笑之大学(话剧),8.3,27,-,和妈妈中国漫游(话剧),,,-,二人证据(话剧),,,-,靓太作死(话剧),,,-,3D 女枪手(话剧),,,-,高加索灰阑记(话剧),8.0,112,-,泰特斯・安德洛尼克斯(话剧),7.7,49,-,尼古拉伯爵:吸血惊情(话剧),,,-,窥心事(话剧),,,-,SEVEN：欲望迷室(话剧),,,-
今井清隆,7,一笼傻鸟,8.5,38,5,窈窕淑女(话剧),,,-,菲德拉(话剧),,,-,彼平正传,8.1,140,3,贵妇人的访问,,,4,ディ`トリッヒ,,,6,守财奴,,,8,ジキルとハイド,,,7,小气财神,,,9
彭雁玲,1,山中方七日,,,2
朱柏康,2,雪后,,,2,泰特斯2.0(话剧),7.9,81,-,畎钭(话剧),7.8,28,-,17个可能与不可能发生在2012的戏剧场景(话剧),8.9,13,-,重遇在最后一天(话剧),8.2,17,-,丑男子(话剧),,,-,耳摇摇(话剧),,,-,博到单车变摩托@真的散band了,,,1
何浩源,2,雪后,,,5,笑爱治疗(话剧),,,-,屈狱情(话剧),6.8,12,-,加索遇上垡蛩固(话剧),,,-,陪着你走(话剧),,,-,蛆(话剧),,,-,My Chair 20:13(舞剧),,,-,边城,8.0,13,3
凌智豪,1,博到单车变摩托@真的散band了,,,5,小人国 3 之小人三国(话剧),,,-
林可嘉,3,星梦尘缘,,,3,欲之后事如何(话剧),,,-,三女人唱出一u(话剧),,,-,恋爱轻飘飘,6.7,75,3,美丽的一天,,,3
王子轩,1,恋爱轻飘飘,6.7,75,1,安蒂冈妮(话剧),,,-
蓝真珍,1,恋爱轻飘飘,6.7,75,2,DEATH 作死(话剧),7.5,12,-,爆谷杀人狂(话剧),,,-,文字幽灵(话剧),,,-,女活祭(话剧),,,-
黄晓初,1,恋爱轻飘飘,6.7,75,4,秃头女高音(话剧),,,-,嬉春酒店(话剧),,,-,赤64裸(话剧),,,-,林L未眠(话剧),,,-,红人唔红命(话剧),,,-,乱世英雄(话剧),,,-
张国颖,4,美丽的一天,,,1,思缠酒后……,,,2,辉煌音乐剧,,,3,Zo「麟」次,,,2
郑君炽,2,美丽的一天,,,2,金龙(话剧),7.0,564,-,天堂之后,,,1
张满源,3,美丽的一天,,,5,利玛窦,7.3,17,9,上司爱窃听,,,5
施标信,1,美丽的一天,,,6,我的援交日记(话剧),,,-
刘荣丰,1,美丽的一天,,,7,甩底娇娃(话剧),,,-
廖爱玲,2,美丽的一天,,,8,朝暮有情人,7.1,60,2
简立强,1,美丽的一天,,,9,异乡・人(话剧),,,-,终局(话剧),7.7,25,-,卡夫卡的七个箱子(话剧),8.9,40,-,百年孤寂(话剧),7.2,39,-
何洋,2,朝暮有情人,7.1,60,1,利玛窦,7.3,17,10
柯映彤,1,朝暮有情人,7.1,60,3,秀才与刽子手(话剧),8.1,510,-,跑吧，梅洛斯！(话剧),,,-
陈健迅,2,朝暮有情人,7.1,60,5,没有人造卫星相撞的夜空,,,3
唐晓枫,1,朝暮有情人,7.1,60,6,我最快(话剧),,,-,华佗六顶记(话剧),,,-
姚咏芝,2,没有人造卫星相撞的夜空,,,1,风流剑客(话剧),,,-,喜灵州……分享夜,,,3
彭佩岚,1,没有人造卫星相撞的夜空,,,2,安娜与陈七(话剧),,,-
叶佩云,1,没有人造卫星相撞的夜空,,,4
杜雯惠,1,嗑S港,,,4
冯夏贤,1,喜灵州……分享夜,,,1
余菁华,1,喜灵州……分享夜,,,2
梁佩仪,1,喜灵州……分享夜,,,4
宋雯,1,喜灵州……分享夜,,,5
刘兆康,1,利玛窦,7.3,17,3
陈健豪,5,利玛窦,7.3,17,7,心灵病房(话剧),,,-,历史男生(话剧),,,-,一树梨花压海棠(话剧),,,-,心太野(歌舞剧),,,-,我爱足球(话剧),,,-,遇上1941的女孩,,,2,神勇女杀手决战霹雳黑玫瑰,,,4,孙中山革命前传,,,1,旭日,,,1
曾仲轩,1,天生不是女人,,,1,暑期作孽 Part2-搞乜鬼开学礼(话剧),,,-,每当有难时(话剧),,,-
何翠彤,1,天生不是女人,,,2
林子杰,2,天生不是女人,,,3,孙中山革命前传,,,8,许三观卖血记(话剧),7.1,159,-,凯撒大帝(话剧),7.6,24,-,魂游你左右(话剧),,,-,都市的声音(默剧),,,-,八楼半的密室(话剧),,,-,残酷青春(话剧),,,-,点郁？(形体剧),,,-,占领新蒲岗(话剧),,,-
王曦玟,1,天生不是女人,,,4,20出头(话剧),,,-
何家昌,1,天生不是女人,,,5,死鬼(话剧),,,-
林启源,1,天生不是女人,,,6
黄靖程,3,遇上1941的女孩,,,1,思缠酒后……,,,4,圣诞袜语,,,1
林秋萌,1,孙中山革命前传,,,2
梁家维,1,孙中山革命前传,,,5,伽利略传(话剧),7.8,14,-,打转教室 Detention Hong Kong(形体剧),,,-,占领凸手办(话剧),,,-
郭嘉熹,2,孙中山革命前传,,,6,旭日,,,6
陈郁宪,3,孙中山革命前传,,,7,旭日,,,4,MISS 杜十娘,,,2
苏育辉,1,旭日,,,2,灵苏(话剧),,,-,第三帝国的恐惧和苦难(话剧),8.1,28,-,大笑丧：丧笑大晒(话剧),,,-,巴索里尼的一千零一个夜晚(话剧),,,-,走不出的雨巷(话剧),,,-,最危险的时候(话剧),,,-,哲拳太O(话剧),,,-,女帝奇英(话剧),,,-,老娘企硬(话剧),,,-,弑君2012(话剧),,,-
曾韦迪,1,旭日,,,3,二月廿九・色(话剧),,,-
李俊杰,2,旭日,,,7,阮玲玉(话剧),6.8,963,-,孔子64回首63(舞台剧),,,-,加班吧！绝地任务(话剧),,,-,老](话剧),,,-,凹凸男女(话剧),,,-,c春天同步演出(话剧),,,-,车你好,,,4
何远东,1,MISS 杜十娘,,,3,七十二家房客(话剧),,,-,小人国 2(话剧),,,-,饥饿艺术家(话剧),,,-,挡不住的偷情(话剧),,,-
魏沛林,1,cc隔世情,,,8,宫本武藏(话剧),,,-,大刀王五(话剧),,,-,F夜\案(话剧),,,-
梁恩倩,1,细味人生,,,2
林婷婷,1,细味人生,,,5,药(话剧),7.0,11,-,小安的新闻(话剧),,,-,枯墙(话剧),,,-,又一好人(舞剧),,,-,告别：身体十六章(话剧),,,-,6m x 6m(多媒体剧),,,-
文瑞兴,1,车你好,,,1,触怒观众(话剧),,,-,武松日记(话剧),,,-,私访・乳房(话剧),,,-,长系我心(话剧),,,-,中女解毒(话剧),,,-
卢卓安,2,车你好,,,2,大家乐,,,4
谢瑞琼,1,车你好,,,5
陈建豪,1,大家乐,,,6,窈窕淑女――春天(话剧),8.7,105,-
何志文,1,思缠酒后……,,,3
张懿翘,1,思缠酒后……,,,5
孙铭杰,1,思缠酒后……,,,6
叶嘉仪,1,思缠酒后……,,,7
陈嘉裕,1,思缠酒后……,,,8
张锐兴,1,圣诞袜语,,,3
梁踬,1,圣诞袜语,,,4
方晓彤,1,圣诞袜语,,,5
翟逸乔,1,圣诞袜语,,,6
谢承希,1,圣诞袜语,,,7
欧嘉蕙,1,圣诞袜语,,,8
刘浩翔,1,上司爱窃听,,,4,独坐婚姻介绍所(话剧),,,-,摘星・宅男(话剧),,,-,童谣追魂曲(话剧),,,-,春雨w(话剧),,,-,想变成人的猫(话剧),,,-,福尔摩斯之华生暴走大狗查(话剧),6.9,26,-
黄翠仪,1,上司爱窃听,,,6,偶然・徐志摩(话剧),7.2,108,-,日落情天(话剧),,,-
郑佩嘉,1,上司爱窃听,,,7,歌声无泪(话剧),,,-,车公传奇之路不转人转(话剧),,,-
郭惠芬,1,潮州姑爷,,,3
洪迎喜,1,潮州姑爷,,,7,长发幽灵(话剧),,,-,凡尼亚舅舅(话剧),,,-,雷雨谎情(话剧),,,-,香港一定得！(话剧),,,-,找个人和我上火星(话剧),,,-,时间列车00:00(话剧),,,-,一夜歌64一夜情(话剧),,,-
梁依倩,1,我要高8度,,,3,月老(话剧),,,-
王嘉翊,1,Zo「麟」次,,,3,掌起(独唱戏),,,-,南北和(话剧),,,-
田代万里生,6,守财奴,,,4,小气财神,,,3,ファンタスティック(话剧),,,-,伊丽莎白,9.5,4370,4,伊丽莎白,9.1,128,5,ラブ99ネバ`99ダイ,,,5,スウィ`ニ`99トッド ～フリ`ト街の魔の理～,,,4
石川禅,3,ジキルとハイド,,,4,デモクラシ`(话剧),,,-,Lady Bess,7.8,22,7,基督山伯爵,,,4
阿部裕,1,ジキルとハイド,,,10
刘婧,1,伊丽莎白,9.5,4370,1,你好，疯子！(话剧),7.9,1542,-,我是DJ、我是司机、我要相亲(独幕剧),,,-,洛卡小镇(话剧),,,-,蠢蛋(话剧),8.0,268,-,城市魔方―三颗豆的飙悍手记(独角戏),7.5,101,-,私人公馆(话剧),4.2,10,-,女人，女人(话剧),,,-,梅林德大街483号(话剧),,,-,岛上有宝(话剧),,,-
刘虹邑,1,伊丽莎白,9.5,4370,2
李腾飞,2,伊丽莎白,9.5,4370,3,清白人间(话剧),,,-,结伴关系(话剧),6.3,93,-,五人间(话剧),6.0,88,-,小王子之风沙星辰(话剧),6.5,47,-,雪夜(话剧),7.4,44,-,雷雨（鼓楼西剧场改编版）(话剧),5.5,38,-,我的秘密生活(话剧),8.0,27,-,福斯塔夫狂想曲(话剧),4.5,24,-,蝴蝶梦,9.1,927,2
刘路,2,伊丽莎白,9.5,4370,4,蝴蝶梦,9.1,927,6
车旭东,1,伊丽莎白,9.5,4370,5
张哲川,1,伊丽莎白,9.5,4370,6
杨晓君,1,伊丽莎白,9.5,4370,7
陈杨,1,伊丽莎白,9.5,4370,1
杨坷静,1,伊丽莎白,9.5,4370,1
王苇杭,1,伊丽莎白,9.5,4370,1
陈虹汐,1,伊丽莎白,9.5,4370,1
涂轶翔,1,伊丽莎白,9.5,4370,2
牛逸楠,1,伊丽莎白,9.5,4370,3
章博森,1,伊丽莎白,9.5,4370,4,奔(话剧),8.4,38,-
李瀚明,1,伊丽莎白,9.5,4370,4
白楠,1,伊丽莎白,9.5,4370,5
陈奕旎,1,伊丽莎白,9.5,4370,6
侯文韬,1,伊丽莎白,9.5,4370,7
陈雅倩,1,伊丽莎白,9.5,4370,8
郑坤,1,伊丽莎白,9.5,4370,9
金振硕,1,伊丽莎白,9.5,4370,9
金秀珉,1,伊丽莎白,9.5,4370,1
李新钰,1,伊丽莎白,9.5,4370,2
潘一航,1,伊丽莎白,9.5,4370,2
孙汐墨,1,伊丽莎白,9.5,4370,5
黎颖骏,1,伊丽莎白,9.5,4370,8
马丽,1,蝴蝶梦,9.1,927,3,夏洛特烦恼(话剧),7.6,3351,-,羞羞的铁拳(话剧),6.8,1244,-,旋转卡门(话剧),6.6,1615,-,小丑爱美丽(话剧),6.6,824,-,江湖学院(话剧),6.8,614,-,开心麻花2008・谁都不许笑(话剧),6.4,36,-,倒霉阿翔(话剧),5.4,59,-,欲海狂潮(川剧),7.2,17,-,惊梦(话剧),,,-,春天来了(话剧),,,-,断章(话剧),,,-,乱民(话剧),,,-,杨小光的快乐生活(话剧),,,-
陈燮庭,1,蝴蝶梦,9.1,927,4
江珊,1,蝴蝶梦,9.1,927,5,德龄与慈禧(话剧),8.3,1276,-,北京人(话剧),8.0,1516,-,守岁(话剧),7.1,295,-,俄狄浦斯王(话剧),6.5,110,-
韩勇,1,蝴蝶梦,9.1,927,7
姚坤君,1,木兰少女,6.7,21,2,明年此r(话剧),6.4,24,-,求证(话剧),6.1,765,-,兔子洞(话剧),8.2,16,-,动物园(话剧),7.3,17,-,女儿红(话剧),6.3,11,-,超级奶爸(话剧),6.4,14,-,拉提琴(话剧),,,-,单身温度(话剧),,,-,征婚启事(话剧),,,-,Q&A首部曲(话剧),,,-,文明的野U人(话剧),,,-,手渴旨o念日(话剧),,,-,李小龙的阿砸一声(话剧),,,-,莎士比不插3─R克白(话剧),,,-,心理t生凵衔(话剧),,,-,幸福大店(话剧),,,-,家庭深予探手-我想和你在一起(话剧),,,-
林冠至,1,木兰少女,6.7,21,6
邱俊儒,1,木兰少女,6.7,21,8,Re/turn(话剧),8.3,15,-
林斌,1,木兰少女,6.7,21,10
台大戏剧系,1,木兰少女,6.7,21,1,同生活(话剧),,,-,麋鹿国王(舞台剧),,,-,罗密欧与朱丽叶（兽版）(话剧),,,-,安魂曲（以色列版）(话剧),8.8,1309,-,原野(话剧),8.0,1600,-,糊涂戏班(话剧),8.8,2036,-,大鼻子情圣(话剧),7.9,264,-,复杂游戏(话剧),,,-,皮鞋匠(话剧),,,-,焚香记(秦腔),,,-,霸王别姬(京剧),8.8,132,-,奥菲欧(歌剧),8.1,22,-,伯牙绝弦(舞剧),,,-,天各一方(舞剧),,,-,海鸥(话剧),7.1,625,-
周家宽,1,再一次，梦想,,,2
曾信裕,1,下午，美术馆里的四个人,,,1,大算命家(话剧),,,-,鱼蹦Family(话剧),,,-
朱宥琳,1,雨港基隆,,,6
王得智,1,因为爱情2,6.7,103,1,天坑(小柯形式剧),6.0,33,-
孙葛川野,3,因为爱情2,6.7,103,2,分娩大师(话剧),5.9,55,-,“酒”违了！同学(话剧),,,-,纳斯尔丁61阿凡提,5.1,32,3,你说我容易吗之万万不能,6.7,41,2
曹小欠,1,因为爱情2,6.7,103,3
崔金迪,1,因为爱情2,6.7,103,6
朱肖朵子,1,因为爱情2,6.7,103,7
王天辰,1,因为爱情2,6.7,103,8,审判施瓦勃林(话剧),,,-
苏晗,1,我变了，我没变,6.5,62,1
项裕,1,毛毛带你飞,10.0,16,1,白蛇(轻歌舞剧),4.7,38,-
曹小欠儿,3,毛毛带你飞,10.0,16,5,《吉屋出租》中文版,7.3,487,10,求婚女王,8.0,829,2
安倩儿,1,毛毛带你飞,10.0,16,6
郑艺彬,1,《吉屋出租》中文版,7.3,487,2
费冬阳,1,《吉屋出租》中文版,7.3,487,6
张泽,1,《吉屋出租》中文版,7.3,487,7,沈三白与芸娘(粤剧),,,-,鸵鸟蛋的忧伤(话剧),,,-,中关村往事(话剧),,,-,天台.日光(话剧),,,-,凌晨三点(话剧),,,-
丁汀,1,《吉屋出租》中文版,7.3,487,9,玉米大地(舞剧),,,-
韩晶如,1,求婚女王,8.0,829,1
李佳妮,1,求婚女王,8.0,829,3
王婧,1,纳斯尔丁61阿凡提,5.1,32,2,行者无疆(话剧),6.7,74,-,山羊或谁是西尔维娅(话剧),,,-,地球万安演习(话剧),,,-,曼陀罗(话剧),,,-
张兰馨,1,纳斯尔丁61阿凡提,5.1,32,4,精慌(话剧),5.7,44,-
孙圣凯,1,纳斯尔丁61阿凡提,5.1,32,5
邹增男,1,纳斯尔丁61阿凡提,5.1,32,6
何月,2,螺丝小姐,4.6,12,1,萧何月下追韩信(京剧),,,-,我的长腿叔叔,7.3,20,7
李戎田,2,螺丝小姐,4.6,12,2,我的长腿叔叔,7.3,20,6
李伦,2,螺丝小姐,4.6,12,3,我的长腿叔叔,7.3,20,4,禁闭(话剧),7.7,603,-,量罪记(话剧),,,-
孙小冉,1,螺丝小姐,4.6,12,4
梁勇,1,螺丝小姐,4.6,12,5,莎乐美之吻(话剧),,,-,穿棉MAO裤的夏天(话剧),,,-,今夜的滋味(话剧),,,-
朱雅琼,1,我的长腿叔叔,7.3,20,2
赵丹,2,我的长腿叔叔,7.3,20,3,雷雨(话剧),8.5,4064,-,青春不在服务区(话剧),7.2,31,-,十二宫(实验戏剧),5.5,14,-,画室(话剧),,,-,罗生门(戏剧),,,-,刘巧儿(评剧),,,-,锔碗丁(评剧),,,-,您的口音(话剧),7.4,76,-,热舞甜心,6.3,309,2
姬久晨,1,我的长腿叔叔,7.3,20,5
威力斯,1,热舞甜心,6.3,309,1
陶醉,1,热舞甜心,6.3,309,3
李艺科,1,任天堂,7.2,55,1,破镇子(话剧),,,-
欧倩如,1,任天堂,7.2,55,3
朱席帅华,1,任天堂,7.2,55,4,飞来横财(话剧),6.2,69,-
何文林,1,彝红,6.9,17,1
刘尘,1,彝红,6.9,17,2,英・雄(歌剧),,,-,陈家大屋(歌剧),,,-
朱天天,1,彝红,6.9,17,3,Somebody61某君(话剧),6.0,12,-,窄巷子穿越百年(话剧),,,-
谢素豪,1,我们的爱情故事,,,2
郭蓉,1,我们的爱情故事,,,3
党蕴葳,1,紫石街,5.0,100,1
朱佳艳,1,过去五年,6.7,157,4
陈菲,1,唯不忘相思,,,1,学一学鸽子(话剧),7.4,375,-
金海生,1,唯不忘相思,,,2
汪春霖,1,唯不忘相思,,,3
蒋晓鑫,1,唯不忘相思,,,5
曾启德,1,唯不忘相思,,,6
郝润来,1,唯不忘相思,,,7
周显波,1,唯不忘相思,,,8
肖雨萱,1,唯不忘相思,,,9
吴晨燕,1,唯不忘相思,,,10
李艺博,1,唯不忘相思,,,1
孙靖坤,1,唯不忘相思,,,2
朱敏,1,唯不忘相思,,,4,五女拜寿(越剧),9.4,109,-,俞建华(戏曲),,,-,请你对我说个谎(话剧),6.4,85,-,北展剧场(话剧),,,-,床上的埯思(话剧),,,-
刘力文,1,唯不忘相思,,,5
郝振,1,唯不忘相思,,,6
宋怀强,2,弘一,,,1,弘一法师(话剧),6.8,24,-,爱在天际,,,1
于毅,3,弘一,,,5,雪狼湖,8.7,193,4,马路天使,,,2
温阳,2,马路天使,,,1,诱惑者日记,7.8,48,1,设杀游戏之神探霍桑(话剧),7.2,63,-,玩偶之家(话剧),6.7,916,-,良辰美景(话剧),6.4,75,-,我和春天有个约会(话剧),8.0,179,-,志摩归去(话剧),6.5,97,-,红与黑(话剧),,,-
马青莉,2,马路天使,,,3,驯悍记（上话改编版）(话剧),6.8,288,-,雾都孤儿(话剧),6.7,131,-,白兰芝,5.7,74,1
田水,1,马路天使,,,4,12个人(话剧),8.2,1102,-,这个男人来自地球(话剧),8.0,295,-,真相(话剧),8.7,119,-,失恋33天(话剧),6.8,87,-,谎言(话剧),9.1,21,-,将军行(话剧),6.6,29,-,罗密欧与祝英台(话剧),7.9,579,-,资本・论(话剧),7.0,297,-,危情十日(话剧),6.8,226,-,死神与少女(话剧),7.6,92,-,卡布其诺的咸味(话剧),6.7,36,-,正红旗下(话剧),8.1,35,-,起飞在即(话剧),5.9,40,-
张颖,1,马路天使,,,5,撒娇女王(话剧),7.1,406,-,大婚临头(话剧),6.4,16,-,穿panda的女魔头(话剧),,,-,英俊与美丽(话剧),,,-,鲜鱼口(话剧),6.2,62,-,我最亲爱的(话剧),4.3,14,-,先生与小姐(话剧),,,-,九歌(民乐剧),,,-,卧虎令(戏曲),,,-,台城柳(河北梆子),,,-
钱程,1,马路天使,,,6,乌鸦与麻雀(滑稽戏),7.3,28,-,皇帝勿急急太监(滑稽戏),6.4,15,-,迦嘶菩∶(滑稽戏),,,-,租个老公回家过年(话剧),,,-,乾成和他的女人们(滑稽戏),,,-,谢谢一家们(滑稽戏),,,-
龚晓,1,马路天使,,,7,电话谋杀案(话剧),6.8,355,-,奥莉安娜(话剧),6.8,364,-,谋杀正在直播(话剧),7.6,370,-,命案回首(话剧),7.8,186,-,杜拉拉(话剧),6.4,54,-,太太学堂(话剧),6.2,111,-,欲望号街车(话剧),7.6,125,-,我不怕(话剧),,,-
万博,1,马路天使,,,1,无人生还(话剧),8.5,6143,-
周扬,1,马路天使,,,2
袁野,2,马路天使,,,4,长恨歌(话剧),7.0,550,-,7080(话剧),6.4,28,-,只有，一个名字(话剧),7.5,11,-,8090(话剧),5.8,11,-,疯狂罗曼史(话剧),,,-,80 90(话剧),,,-,骚年痞的奇幻旅程(话剧),,,-,福尔摩斯之死(话剧),6.9,165,-,步步惊心(话剧),6.5,63,-,下一站(话剧),7.9,55,-,风萧萧(话剧),3.9,36,-,白蛇传(话剧),6.8,35,-,诱惑者日记,7.8,48,5
涂冉,3,马路天使,,,5,国之当歌,6.5,47,2,诽闻绯闻,,,1
韩霜,1,白兰芝,5.7,74,2,子规血(话剧),6.1,17,-,宽带山(话剧),,,-
杨子奕,1,诱惑者日记,7.8,48,2
尤美,1,诱惑者日记,7.8,48,3,乌合之众(话剧),7.4,208,-,红玫瑰与白玫瑰(话剧),5.0,36,-,谋杀似水年华(话剧),5.3,29,-,火山灰(话剧),6.8,17,-
贾邱,1,诱惑者日记,7.8,48,4,一一向前冲(话剧),6.0,14,-
曹品,1,国之当歌,6.5,47,3,我会半夜之前回来(话剧),5.6,91,-
莫海婧,1,国之当歌,6.5,47,4,半打爱情，半打谎言(微戏剧),,,-
陈朝宾,1,国之当歌,6.5,47,5
吴轶群,1,国之当歌,6.5,47,6,波西米亚人(现代版）(歌剧),,,-
王柏伦,1,诽闻绯闻,,,2,和空姐同居的日子(话剧),7.0,14,-
李传缨,1,诽闻绯闻,,,3,武林外传(话剧),7.7,194,-,一个老太五个贼(话剧),7.6,67,-,大明四臣相(话剧),8.2,61,-,好人无几(话剧),8.1,34,-,开天辟地(话剧),,,-
史亚英,1,爱在天际,,,2
赵若灿,1,爱在天际,,,3
周嫣妮,1,爱在天际,,,4
马学良,1,美女与野兽,8.3,1043,7,国破(话剧),7.9,25,-
辰亚御,1,美女与野兽,8.3,1043,8
徐梦,1,美女与野兽,8.3,1043,9,武林胜经之IT宝典(话剧),,,-,红玫瑰与白玫瑰（明星版）(话剧),8.3,2854,-,荒山泪(京剧),8.9,37,-,窦娥冤(京剧),7.8,24,-
赵磊,1,狮子王,8.7,2767,2,智取威虎山(京剧),7.3,52,-,第二性(话剧),7.6,315,-,光荣日(话剧),6.3,204,-,末日24小时(话剧),7.5,59,-,戏点鸳鸯(话剧),7.6,25,-,极致・李慧娘(话剧),8.7,21,-,邻人(话剧),7.3,17,-,蓝61印(舞剧),,,-
吴家明,1,狮子王,8.7,2767,4,最后一头战象(木偶剧),6.4,44,-
施亦骏,1,狮子王,8.7,2767,5,荒村公寓(话剧),,,-,黎明之街(话剧),6.9,428,-,罪恶・SEX与中央情报局(话剧),6.0,14,-,东京爱情故事(话剧),7.1,13,-,浪漫满屋(话剧),,,-,七人众(话剧),,,-,画皮(话剧),,,-,暴走三国之冤有头・债有主(相声剧),,,-
方丽婷,1,狮子王,8.7,2767,7
闻小炜,1,狮子王,8.7,2767,8,我妻我母我丈母娘(话剧),5.6,84,-
李炜玲,1,狮子王,8.7,2767,11
龚子棋,1,火焰,6.0,153,2
余笛,1,火焰,6.0,153,4
蒋倩茹,1,火焰,6.0,153,6
文太裕,1,粉丝来信 fanletter,9.1,156,1
邵美君,4,我爱你，你完美，现在改变吧,8.3,44,2,L吹n愁散(话剧),,,-,在那遥远的星球，一粒沙(话剧),7.4,862,-,香港式离婚(话剧),7.6,34,-,こＰ(话剧),7.3,37,-,Love is Shit 爱是雪(话剧),,,-,CRAVE狂情(话剧),,,-,劭是平o地意外身亡(话剧),,,-,屠龙记(话剧),,,-,小人国6(话剧),,,-,大汗推拿(话剧),,,-,孔雀男c榴女(话剧),,,-,四川好人,7.3,25,1,Octave柯迪夫,,,4,I Love You Because,,,3
于点,1,我爱你，你完美，现在改变吧,8.3,44,1,点 / 线 / 体 / 还有世界 / 还有光(话剧),8.7,87,-
崔铁梦,1,我爱你，你完美，现在改变吧,8.3,44,3
杨珏彤,1,我爱你，你完美，现在改变吧,8.3,44,4
张美阳,2,我爱你，你完美，现在改变吧,8.3,44,5,I love you,6.7,28,4
苏云翔,1,我爱你，你完美，现在改变吧,8.3,44,6
宋晓文,1,我爱你，你完美，现在改变吧,8.3,44,7
王未雨,1,我爱你，你完美，现在改变吧,8.3,44,8
成涛,1,我爱你，你完美，现在改变吧,8.3,44,9
吕天野,1,我爱你，你完美，现在改变吧,8.3,44,10
余姿慧,1,我爱你，你完美，现在改变吧,8.3,44,1
朱砂,1,I love you,6.7,28,2,朱砂痣(京剧),8.6,16,-,法门寺(戏曲),8.0,25,-
沈力,1,I love you,6.7,28,3,起手无悔(话剧),,,-
温子帆,1,曾经,8.1,536,1
吕云骞,1,曾经,8.1,536,2,米奇去哪里(话剧),7.0,132,-
周雪冰,1,曾经,8.1,536,3
陈绮帆,1,曾经,8.1,536,7
饶临风,1,曾经,8.1,536,8
刘东鑫,1,曾经,8.1,536,9
解冬悦,1,曾经,8.1,536,11
刘守正,2,顶头槌,8.2,94,1,最后晚餐(话剧),8.3,795,-,孤男毒女(话剧),7.7,16,-,亲爱的，胡雪岩(话剧),8.7,605,-,都是龙袍惹的祸(话剧),8.6,156,-,傲(话剧),8.1,30,-,桃花扇(话剧),,,-,盛势(话剧),,,-,示范单位(话剧),,,-,夜行动物(话剧),,,-,敦煌64流沙64包(话剧),,,-,太平山之疫,6.0,10,2
王维,2,顶头槌,8.2,94,2,太平山之疫,6.0,10,3,大餐(话剧),7.2,125,-,邂逅月台(话剧),7.5,59,-,盛宴(话剧),7.8,65,-,如此长江(话剧),7.3,10,-,爆・蛹(话剧),,,-,虾碌戏班(话剧),,,-,危楼(话剧),,,-
陈煦莉,1,顶头槌,8.2,94,4,恋恋4X6(话剧),,,-
邱廷辉,1,顶头槌,8.2,94,5,红色(话剧),8.2,543,-,O(话剧),,,-,臭格(话剧),,,-,有饭自然香(话剧),7.4,83,-,红（李国威改编）(话剧),,,-,捕月魔君64卡里古拉(话剧),,,-,盲女惊魂(话剧),,,-,回归!神迹!(话剧),,,-,美丽连系(话剧),,,-
周志辉,1,顶头槌,8.2,94,8,脱皮爸爸(话剧),8.9,24,-,家庭作孽(话剧),,,-
郭丽敏,1,2月14,,,1,流徙之女(话剧),,,-,恋化妆(话剧),,,-,床前10分(话剧),,,-,孤城劫(话剧),,,-,铁道缘(话剧),,,-
邓耀兴,1,2月14,,,2
冯兆珊,1,2月14,,,4,我们之间(话剧),,,-
梁颖智,1,2月14,,,5,观塘人・情・味(话剧),,,-
黄颂明,1,2月14,,,6
何颍怡,1,2月14,,,7,她的情(话剧),,,-,廴次方(话剧),,,-
洪迎嘉,1,2月14,,,3
徐月明,1,艺海唐生,,,8
丁家湘,1,聊斋新志,8.0,49,6,望框框的男人(话剧),,,-
梁天,2,聊斋新志,8.0,49,8,尘上不嚣(话剧),,,-,石^c金子(话剧),,,-,（而你所知道的）中式魔幻(剧场),,,-,拌机里的金鱼(话剧),,,-,但人L久,,,7
秦可凡,1,酸酸甜甜香港地,,,4,洋麻将(话剧),7.6,917,-,地久天长(话剧),,,-,弥留之际(话剧),,,-,三三不尽(话剧),,,-,请你爱我一小时(话剧),,,-
林娜,1,白蛇青蛇,,,5,期限(话剧),7.6,40,-,垃圾(话剧),,,-,伊凡雷帝(舞剧),,,-,迷失香港(话剧),,,-
林宗勋,1,斗浪潮,,,1
柳柏丞,1,斗浪潮,,,3
杨智凯,1,斗浪潮,,,4,青春球梦(话剧),,,-
何宪晟,1,斗浪潮,,,5
黄圣雅,1,斗浪潮,,,6
吴尚桦,1,斗浪潮,,,7
林文心,1,斗浪潮,,,8
陈芝羽,1,斗浪潮,,,9
杨杰安,1,斗浪潮,,,10
车智妍,1,魔法坏女巫,8.2,5549,1
张成娜,2,魔法坏女巫,8.2,5549,2,保镖,7.0,811,3
朴惠娜,1,魔法坏女巫,8.2,5549,3
凤凰阿佳,1,凤凰阿佳与火山神,,,1
火山神殷其雷,1,凤凰阿佳与火山神,,,2
狮王苏安猊,1,凤凰阿佳与火山神,,,3
猴子常佑,1,凤凰阿佳与火山神,,,4
叶麒圣,2,凤凰阿佳与火山神,,,6,啊！鼓岭,6.8,73,1
孟林浩,1,凤凰阿佳与火山神,,,7
黎宛瞳,1,凤凰阿佳与火山神,,,8
由迪,1,凤凰阿佳与火山神,,,9
苏晔,1,啊！鼓岭,6.8,73,2,埋葬(话剧),6.4,368,-,那年我学开车(话剧),7.1,399,-,审查者(话剧),6.9,178,-
宝尔,1,繁花尽落的青春,5.8,14,1
潘琪,2,繁花尽落的青春,5.8,14,4,犹太人在上海,6.1,41,2
杨雨晨,1,红磨坊,6.5,93,1
陶冶,1,红磨坊,6.5,93,3,数位系列(舞剧),8.5,60,-,8(舞剧),7.4,20,-,陶身体《4》(舞剧),9.4,27,-,陶身体《5》(舞剧),9.4,20,-,陶身体 Weight X 3(舞剧),8.8,28,-,陶身体 舞蹈剧场 9(舞剧),8.0,33,-,陶身体剧场作品《6》《7》《8》(舞剧),7.9,48,-,交换作(舞剧),8.2,256,-
詹墨奴,1,红磨坊,6.5,93,5
徐宸,1,红磨坊,6.5,93,6,女仆(话剧),,,-
蒋天烨,1,红磨坊,6.5,93,7
奥田努,1,第十二夜,,,2
荒木健太朗,2,第十二夜,,,5,タンブリング(舞台剧),,,-,春琴(舞台剧),9.4,14,-,百合与蔷薇(朗读剧),,,-,刀剑乱舞91阿津R志山异闻91,8.4,193,8
青木隆敏,1,第十二夜,,,8
奥野正明,1,刀剑乱舞91阿津R志山异闻91,8.4,193,9,リビエ`ルの夏の祭り(话剧),,,-
三上市朗,1,银河英雄传说 初阵篇,,,6,ドリアン99グレイの肖像(话剧),,,-,BIGGER BIZ 91最後のQ椋ˉ膝丧渐蟠à蛟饯à91(话剧),,,-
三上俊,3,银河英雄传说 初阵篇,,,8,ミラクル☆トレイン～大江蹙へようこそ～2nd approach(话剧),,,-,银河英雄传说 击坠王,,,8,银河英雄传说  星辉篇,,,5
仲原裕之,1,银河英雄传说 击坠王,,,6
小林且弥,1,银河英雄传说  星辉篇,,,7,弱虫ペダル  箱根学@篇 眠れる直鬼(话剧),9.3,30,-,幕末太阳传(话剧),,,-
何雨繁,1,瘾型人,,,3,卡里古拉的月亮(话剧),,,-,城中城，城外城(话剧),,,-,沙(话剧),,,-,真相(话剧),,,-,一个关于爱情的模型(话剧),5.7,33,-,只有一个男人(话剧),5.4,16,-,中国的一天2014(话剧),,,-,8008(话剧),,,-,在变老之前远去(话剧),7.6,390,-,婚姻情境(话剧),6.3,431,-,李鸿章对话伊藤博文(话剧),6.5,201,-,彼岸(话剧),6.2,69,-,自由站(话剧),4.7,35,-,三滴水(话剧),,,-
裴魁山,1,瘾型人,,,4,暴虐伯爵(话剧),6.2,21,-,秃头歌女(话剧),7.5,172,-,庄先生(话剧),6.5,107,-,回家(话剧),7.2,13,-,主义横行(话剧),,,-
松村泰一郎,2,遥远时空中2,,,8,偶像梦幻祭舞台剧(舞台剧),8.1,17,-,『偶像梦幻祭舞台剧』-Take your marks!-(舞台剧),8.1,16,-,『偶像梦幻祭舞台剧』-To the shining future-(舞台剧),,,-,银河英雄传说 外传 尚书篇,,,7
越智友己,1,遥远时空中5,,,2
高汐巴,8,bh旅途的Kc,,,1,名商焦鹿,,,1,往日的玫瑰一朵,,,1,Tender Green,,,1,春L的招待,,,1,微L的牧歌,,,1,恋情家,,,5,面向t海的祈\,,,1
神奈美帆,5,名商焦鹿,,,4,大江山花传,8.4,27,2,玉露记,,,2,鄣娜f花筒,,,2,梨花 王城w舞,,,2
大空希望,1,名商焦鹿,,,5
友麻夏希,7,往日的玫瑰一朵,,,5,Tender Green,,,2,微L的牧歌,,,3,面向t海的祈\,,,4,Goodbye Peppermint Night！,,,4,罗曼诺夫的宝石,,,5,舞曲,,,1
汀夏子,8,春L的招待,,,1,朝F中消失之人,,,1,山丘上的尼,,,1,霞光映照紫之花,8.6,69,2,星影之人,8.3,64,1,凡尔赛玫瑰・昭和版,,,1,The Revue,,,1,了h去的你,,,1
梢真奈美,3,微L的牧歌,,,2,永远物语,,,4,山露之中,,,5,小花开了(舞台剧),8.5,19,-,フィガロがY婚(话剧),8.4,13,-,赤鬼(话剧),,,-,悼む人(话剧),,,-
峰丘奈知,1,面向t海的祈\,,,5
椎名葵,3,爪哇舞者,,,5,晓之罗马,8.3,20,7,飞鸟夕映,7.8,21,6
草笛雅子,3,爪哇舞者,,,4,灾巴底,,,2,千太郎消防旗r雨,,,3
榛名由梨,5,霞光映照紫之花,8.6,69,1,凡尔赛玫瑰・昭和版,,,1,花供养(话剧),,,-,ジョセフィン　虹を簸撙(舞台剧),,,-,永远物语,,,1,战争与和平,,,3,山露之中,,,1
安奈淳,3,霞光映照紫之花,8.6,69,2,凡尔赛玫瑰・昭和版,,,5,The Revue,,,5,回木R(话剧),,,-
常花代,1,霞光映照紫之花,8.6,69,4
美里景,1,凡尔赛玫瑰・昭和版,,,4
北原千琴,1,The Revue,,,3
彩那音,10,飞鸟夕映,7.8,21,4,伊丽莎白－爱与死的轮舞－,9.3,835,6,卡拉马佐夫兄弟,8.2,48,4,奥涅金,8.7,19,3,N薇封印 -Vampire Requiem-,8.6,33,4,热情的巴塞罗那,6.6,14,5,唐璜先生,7.7,12,5,恋天狗,,,3,JAZZY精灵,,,4,留客的雨,,,3
望月理世,5,伊丽莎白－爱与死的轮舞－,9.3,835,6,落阳的巴勒莫,8.0,48,3,马拉喀什-红之墓标,8.2,27,6,希望-有朝一日-,8.8,30,3,NAKED CITY,,,8
初风绿,1,伊丽莎白－爱与死的轮舞－,9.3,835,3
矢吹世奈,1,伊丽莎白－爱与死的轮舞－,9.3,835,6
水代玉藻,2,热情的巴塞罗那,6.6,14,3,南的哀愁,,,4
夏芽凛,1,唐璜先生,7.7,12,6
春日野八千代,4,南的哀愁,,,1,八千代狮子(地歌),,,-,虞美人－新たなる徽h－,8.4,79,1,飞翔无限/天使的季节,8.0,56,1,花成花,,,1
梢音羽,1,南的哀愁,,,4
野花千代,1,南的哀愁,,,1
南悠子,2,南的哀愁,,,5,虞美人－新たなる徽h－,8.4,79,2
月空美舟,1,南的哀愁,,,8
高城珠里,1,南的哀愁,,,3
千波淳,1,南的哀愁,,,5
天城月江,1,南的哀愁,,,6
立花公子,1,南的哀愁,,,8
上月晃,2,南的哀愁,,,3,俄克拉荷马,8.0,234,1
秩父美保子,1,南的哀愁,,,5
御幸沙智子,1,南的哀愁,,,8
朝吹南,6,南的哀愁,,,2,新源氏物语,8.1,146,6,梦的十分银币,9.0,103,3,银之狼,7.9,47,6,咖啡园嘉年华,8.0,31,2,伟大的遗产,,,7
梓真弓,1,虞美人－新たなる徽h－,8.4,79,6
松本悠里,5,飞翔无限/天使的季节,8.0,56,2,花成花,,,2,风之锦绘(舞剧),,,-,雪华抄(show),9.6,77,-,奉祝明治松竹梅(地歌),,,-,长崎时雨坡,7.9,13,4,艋帽κ夙／This is TAKARAZUKA！,,,1,海浪ZQ中的武士之,,,5
古城都,1,俄克拉荷马,8.0,234,3
郑锐彬,1,俄克拉荷马,8.0,234,1
朝月希和,3,新源氏物语,8.1,146,2,爱与革命的华章,7.2,45,5,MY HERO,,,4
羽根知里,7,银之狼,7.9,47,7,伟大的遗产,,,5,红与黑,8.8,59,3,PUCK,8.5,77,4,大饭店,9.3,39,5,大饭店,7.5,38,3,天使的微笑・恶魔的泪/レッド99ホット99ラブ,8.3,14,5
真织由季,1,PUCK,8.5,77,3,最後の恋(话剧),,,-
汐风幸,2,PUCK,8.5,77,5,爱尔兰的残照,8.9,292,5
真代朋奈,1,天使的微笑・恶魔的泪/レッド99ホット99ラブ,8.3,14,4
真彩希帆,6,凯旋门,9.0,111,2,展开金色的翅膀啊(宝Vロマン),,,-,Music Revolution!(ダイナミック99ショ`),,,-,情浸琥珀色的雨中,8.3,52,2,铃兰,7.6,30,2,\之群像,7.5,19,2,燃风 －军师・竹中半兵卫－,7.3,12,2,鼠[颍ūV）,,,5
汐美真帆,9,心中・恋之大和路,9.4,59,5,冰冻的明天,9.2,57,5,Saran99爱(歌剧),,,-,献给王家的歌,8.6,157,4,晴朗的日子里你能看见永远,8.3,11,4,真夜中的鬼,6.3,15,3,布宜诺斯艾利斯的风,8.9,10,6,严流,,,2,血与砂,,,1,泡沫之恋,8.5,208,3
灯奈美,1,心中・恋之大和路,9.4,59,6
淡路通子,1,心中・恋之大和路,9.4,59,3
姿晴香,3,心中・恋之大和路,9.4,59,2,阿尔及尔的男人,7.0,18,2,辛夷花_之春,,,2
彩海早矢,3,再会,8.0,37,4,布拉格之春,6.7,15,5,1914／爱,7.8,16,3
真那春人,4,情浸琥珀色的雨中,8.3,52,5,冰冻的明天,9.2,57,3,俄罗斯蓝猫-制裁魔女的铁锤-,8.0,26,4,春雷,7.7,10,4
眉月凰,2,\之群像,7.5,19,4,SPEAKEASY,,,4
万里柚美,3,燃风 －军师・竹中半兵卫－,7.3,12,4,ANOTHER WORLD,7.2,30,6,FANTASTIC “N”,,,5
遥斗勇帆,1,ANOTHER WORLD,7.2,30,4
美原志帆,3,布宜诺斯艾利斯的风,8.9,10,4,FAKE LOVE,8.3,67,2,I水 笑,,,4
叶千佳,6,布宜诺斯艾利斯的风,8.9,10,4,严流,,,3,大海贼,7.8,11,2,玻璃L景,8.5,12,6,无事生非,,,3,Goodbye Peppermint Night！,,,3
三城礼,1,辛夷花_之春,,,3
北原遥子,2,灾巴底,,,5,Blue Jasmine,,,2
小乙女幸,3,千太郎消防旗r雨,,,7,天国与地狱 -雅克・奥芬巴赫-,,,5,爱至云涯,,,9
矢吹翔,1,爱至云涯,,,5
仁科有理,4,梨花 王城w舞,,,4,凡尔赛玫瑰-安德烈与奥斯卡篇-,,,4,DEAN,,,2,恋、十手、千上洌鼠小僧,,,4
区宁,1,电影之歌,8.1,18,1,搁浅(话剧),7.1,88,-
刘陆,1,电影之歌,8.1,18,2,死无葬身之地(话剧),8.0,622,-
吴彼,1,电影之歌,8.1,18,3,北京法源寺(话剧),8.1,2305,-,初恋(话剧),7.7,17,-,静止(话剧),7.8,37,-,大家都有病(话剧),5.4,231,-,大院(话剧),6.2,10,-
沈海乐,1,电影之歌,8.1,18,4
刘晓峰,1,电影之歌,8.1,18,6
林伟涛,1,电影之歌,8.1,18,9
蔡鹏,1,电影之歌,8.1,18,10
董豫辰,1,红男绿女,7.9,73,1
